[{"model": "admin.logentry", "pk": 1, "fields": {"action_time": "2021-01-23T08:33:23.255Z", "user": 1, "content_type": 8, "object_id": "1", "object_repr": "Teguh Priyantono - Talent Sourcer at IDN Media", "action_flag": 2, "change_message": "[{\"changed\": {\"fields\": [\"Company\", \"Start date\", \"Experience\"]}}]"}}, {"model": "admin.logentry", "pk": 2, "fields": {"action_time": "2021-01-23T08:34:49.915Z", "user": 1, "content_type": 8, "object_id": "2", "object_repr": "Shofia Anugraha Hajaraswati - Former People Acquisition at IDN Media", "action_flag": 2, "change_message": "[{\"changed\": {\"fields\": [\"Company\", \"Start date\", \"Experience\"]}}]"}}, {"model": "admin.logentry", "pk": 3, "fields": {"action_time": "2021-01-23T08:35:31.461Z", "user": 1, "content_type": 8, "object_id": "4", "object_repr": "Merina Anindita - Senior Talent Acquisition at IDN Media", "action_flag": 2, "change_message": "[{\"changed\": {\"fields\": [\"Company\", \"Is cv\", \"Is interview\", \"Interview price\", \"Start date\", \"Experience\"]}}]"}}, {"model": "admin.logentry", "pk": 4, "fields": {"action_time": "2021-01-23T08:36:10.802Z", "user": 1, "content_type": 8, "object_id": "3", "object_repr": "Shofia Anugraha Hajaraswati - Former People Acquisition at Shopee", "action_flag": 2, "change_message": "[{\"changed\": {\"fields\": [\"Company\", \"Interview price\", \"Start date\", \"Experience\"]}}]"}}, {"model": "admin.logentry", "pk": 5, "fields": {"action_time": "2021-01-23T08:47:31.900Z", "user": 1, "content_type": 15, "object_id": "1", "object_repr": "Teguh Priyantono - Talent Sourcer at IDN Media | 2021-01-23 to 2021-01-30", "action_flag": 1, "change_message": "[{\"added\": {}}]"}}, {"model": "admin.logentry", "pk": 6, "fields": {"action_time": "2021-01-23T08:48:36.389Z", "user": 1, "content_type": 15, "object_id": "1", "object_repr": "Teguh Priyantono - Talent Sourcer at IDN Media | 2021-01-23 to 2021-01-30", "action_flag": 2, "change_message": "[{\"changed\": {\"fields\": [\"Start time\", \"End time\"]}}]"}}, {"model": "admin.logentry", "pk": 7, "fields": {"action_time": "2021-01-23T10:27:53.338Z", "user": 1, "content_type": 10, "object_id": "1", "object_repr": "Teguh Priyantono - Pandu Aji Wijaya - 01/18/2021, 07:52:16 - 45000.0 - 30000.0 - False", "action_flag": 1, "change_message": "[{\"added\": {}}]"}}, {"model": "admin.logentry", "pk": 8, "fields": {"action_time": "2021-01-23T13:47:25.919Z", "user": 1, "content_type": 7, "object_id": "3", "object_repr": "Pandu Aji Wijaya - Fresh Graduate", "action_flag": 2, "change_message": "[{\"changed\": {\"fields\": [\"Profile image\"]}}]"}}, {"model": "admin.logentry", "pk": 9, "fields": {"action_time": "2021-01-24T03:40:24.491Z", "user": 1, "content_type": 11, "object_id": "1", "object_repr": "Teguh Priyantono - Pandu Aji Wijaya - 01/18/2021, 07:52:16 - 01/13/2021, 18:00:00 - 12121333", "action_flag": 1, "change_message": "[{\"added\": {}}]"}}, {"model": "admin.logentry", "pk": 10, "fields": {"action_time": "2021-01-24T03:41:11.686Z", "user": 1, "content_type": 10, "object_id": "2", "object_repr": "Teguh Priyantono - Pandu Aji Wijaya - 01/17/2021, 07:11:45 - 45000.0 - 30000.0 - False", "action_flag": 1, "change_message": "[{\"added\": {}}]"}}, {"model": "admin.logentry", "pk": 11, "fields": {"action_time": "2021-01-24T03:49:38.684Z", "user": 1, "content_type": 8, "object_id": "3", "object_repr": "Shofia Anugraha Hajaraswati - Former People Acquisition at Shopee", "action_flag": 3, "change_message": ""}}, {"model": "admin.logentry", "pk": 12, "fields": {"action_time": "2021-01-24T03:49:38.700Z", "user": 1, "content_type": 8, "object_id": "5", "object_repr": "Arga Ghulam Ahmad - Founder at Cermati", "action_flag": 3, "change_message": ""}}, {"model": "admin.logentry", "pk": 13, "fields": {"action_time": "2021-01-24T03:49:38.716Z", "user": 1, "content_type": 8, "object_id": "6", "object_repr": "Merina Anindita - Senior Talent Acquisition at Cermati", "action_flag": 3, "change_message": ""}}, {"model": "admin.logentry", "pk": 14, "fields": {"action_time": "2021-01-24T03:49:38.731Z", "user": 1, "content_type": 8, "object_id": "7", "object_repr": "Merina Anindita - Senior Talent Acquisition at Cermati", "action_flag": 3, "change_message": ""}}, {"model": "admin.logentry", "pk": 15, "fields": {"action_time": "2021-01-24T03:49:38.746Z", "user": 1, "content_type": 8, "object_id": "8", "object_repr": "Merina Anindita - Senior Talent Acquisition at Cermati", "action_flag": 3, "change_message": ""}}, {"model": "admin.logentry", "pk": 16, "fields": {"action_time": "2021-01-24T03:49:38.762Z", "user": 1, "content_type": 8, "object_id": "9", "object_repr": "Shofia Anugraha Hajaraswati - Former People Acquisition at Cermati", "action_flag": 3, "change_message": ""}}, {"model": "admin.logentry", "pk": 17, "fields": {"action_time": "2021-01-24T03:49:38.777Z", "user": 1, "content_type": 8, "object_id": "10", "object_repr": "Shofia Anugraha Hajaraswati - Former People Acquisition at Cermati", "action_flag": 3, "change_message": ""}}, {"model": "admin.logentry", "pk": 18, "fields": {"action_time": "2021-01-24T03:49:38.792Z", "user": 1, "content_type": 8, "object_id": "11", "object_repr": "Shofia Anugraha Hajaraswati - Former People Acquisition at Cermati", "action_flag": 3, "change_message": ""}}, {"model": "admin.logentry", "pk": 19, "fields": {"action_time": "2021-01-24T03:49:38.808Z", "user": 1, "content_type": 8, "object_id": "12", "object_repr": "Shofia Anugraha Hajaraswati - Former People Acquisition at Cermati", "action_flag": 3, "change_message": ""}}, {"model": "admin.logentry", "pk": 20, "fields": {"action_time": "2021-01-24T03:49:38.822Z", "user": 1, "content_type": 8, "object_id": "13", "object_repr": "Shofia Anugraha Hajaraswati - Former People Acquisition at Cermati", "action_flag": 3, "change_message": ""}}, {"model": "admin.logentry", "pk": 21, "fields": {"action_time": "2021-01-24T03:49:38.839Z", "user": 1, "content_type": 8, "object_id": "14", "object_repr": "Shofia Anugraha Hajaraswati - Former People Acquisition at Cermati", "action_flag": 3, "change_message": ""}}, {"model": "admin.logentry", "pk": 22, "fields": {"action_time": "2021-01-24T03:49:38.855Z", "user": 1, "content_type": 8, "object_id": "15", "object_repr": "Shofia Anugraha Hajaraswati - Former People Acquisition at Cermati", "action_flag": 3, "change_message": ""}}, {"model": "admin.logentry", "pk": 23, "fields": {"action_time": "2021-01-24T03:49:38.870Z", "user": 1, "content_type": 8, "object_id": "16", "object_repr": "Shofia Anugraha Hajaraswati - Former People Acquisition at Cermati", "action_flag": 3, "change_message": ""}}, {"model": "admin.logentry", "pk": 24, "fields": {"action_time": "2021-01-24T03:49:38.885Z", "user": 1, "content_type": 8, "object_id": "17", "object_repr": "Shofia Anugraha Hajaraswati - Former People Acquisition at Cermati", "action_flag": 3, "change_message": ""}}, {"model": "admin.logentry", "pk": 25, "fields": {"action_time": "2021-01-24T03:49:38.900Z", "user": 1, "content_type": 8, "object_id": "18", "object_repr": "Shofia Anugraha Hajaraswati - Former People Acquisition at Cermati", "action_flag": 3, "change_message": ""}}, {"model": "admin.logentry", "pk": 26, "fields": {"action_time": "2021-01-24T03:49:38.915Z", "user": 1, "content_type": 8, "object_id": "19", "object_repr": "Shofia Anugraha Hajaraswati - Former People Acquisition at Cermati", "action_flag": 3, "change_message": ""}}, {"model": "admin.logentry", "pk": 27, "fields": {"action_time": "2021-01-24T03:49:38.932Z", "user": 1, "content_type": 8, "object_id": "20", "object_repr": "Shofia Anugraha Hajaraswati - Former People Acquisition at Cermati", "action_flag": 3, "change_message": ""}}, {"model": "admin.logentry", "pk": 28, "fields": {"action_time": "2021-01-24T03:50:54.365Z", "user": 1, "content_type": 8, "object_id": "13", "object_repr": "Dewi Juanita - Talent Acquisition at Cermati", "action_flag": 1, "change_message": "[{\"added\": {}}]"}}, {"model": "admin.logentry", "pk": 29, "fields": {"action_time": "2021-01-24T03:58:16.831Z", "user": 1, "content_type": 8, "object_id": "14", "object_repr": "Anggraini Delina Putri - Recruiter at Lion Super Indo", "action_flag": 1, "change_message": "[{\"added\": {}}]"}}, {"model": "admin.logentry", "pk": 30, "fields": {"action_time": "2021-01-24T03:58:33.130Z", "user": 1, "content_type": 8, "object_id": "14", "object_repr": "Anggraini Delina Putri - Talent Acquisition at Lion Super Indo", "action_flag": 2, "change_message": "[{\"changed\": {\"fields\": [\"Role\"]}}]"}}, {"model": "admin.logentry", "pk": 31, "fields": {"action_time": "2021-01-24T03:58:53.232Z", "user": 1, "content_type": 8, "object_id": "14", "object_repr": "Anggraini Delina Putri - Talent Acquisition at Lion Super Indo", "action_flag": 2, "change_message": "[{\"changed\": {\"fields\": [\"Experience\"]}}]"}}, {"model": "admin.logentry", "pk": 32, "fields": {"action_time": "2021-01-24T04:02:59.045Z", "user": 1, "content_type": 8, "object_id": "15", "object_repr": "Alifia Nirmala - Recruiter at Tokopedia", "action_flag": 1, "change_message": "[{\"added\": {}}]"}}, {"model": "admin.logentry", "pk": 33, "fields": {"action_time": "2021-01-24T04:13:01.382Z", "user": 1, "content_type": 8, "object_id": "16", "object_repr": "Siti Hardianti - Recruiter at Manpower Group", "action_flag": 1, "change_message": "[{\"added\": {}}]"}}, {"model": "admin.logentry", "pk": 34, "fields": {"action_time": "2021-01-24T04:16:41.537Z", "user": 1, "content_type": 8, "object_id": "17", "object_repr": "Desita Mangisi - Talent Acquisition at SCTV", "action_flag": 1, "change_message": "[{\"added\": {}}]"}}, {"model": "admin.logentry", "pk": 35, "fields": {"action_time": "2021-01-24T04:19:22.276Z", "user": 1, "content_type": 12, "object_id": "36", "object_repr": "Gojek - Transportation", "action_flag": 1, "change_message": "[{\"added\": {}}]"}}, {"model": "admin.logentry", "pk": 36, "fields": {"action_time": "2021-01-24T04:19:38.351Z", "user": 1, "content_type": 12, "object_id": "16", "object_repr": "Shopee - E-commerce", "action_flag": 3, "change_message": ""}}, {"model": "admin.logentry", "pk": 37, "fields": {"action_time": "2021-01-24T04:19:54.964Z", "user": 1, "content_type": 8, "object_id": "2", "object_repr": "Shofia Anugraha Hajaraswati - Former People Acquisition at Gojek", "action_flag": 2, "change_message": "[{\"changed\": {\"fields\": [\"Company\"]}}]"}}, {"model": "admin.logentry", "pk": 38, "fields": {"action_time": "2021-01-24T04:24:06.981Z", "user": 1, "content_type": 8, "object_id": "18", "object_repr": "Zahra Narjasiah - Talent Acquisition at OVO", "action_flag": 1, "change_message": "[{\"added\": {}}]"}}, {"model": "admin.logentry", "pk": 39, "fields": {"action_time": "2021-01-24T04:26:27.514Z", "user": 1, "content_type": 8, "object_id": "19", "object_repr": "Devina Calista - Talent Acquisition at Bank Mayapada", "action_flag": 1, "change_message": "[{\"added\": {}}]"}}, {"model": "admin.logentry", "pk": 40, "fields": {"action_time": "2021-01-24T04:28:36.830Z", "user": 1, "content_type": 8, "object_id": "20", "object_repr": "Novia Halim - Talent Acquisition at Lamudi", "action_flag": 1, "change_message": "[{\"added\": {}}]"}}, {"model": "admin.logentry", "pk": 41, "fields": {"action_time": "2021-01-24T04:30:39.812Z", "user": 1, "content_type": 8, "object_id": "21", "object_repr": "Sarah Fatikasari - Talent Acquisition at Nestle Indonesia", "action_flag": 1, "change_message": "[{\"added\": {}}]"}}, {"model": "admin.logentry", "pk": 42, "fields": {"action_time": "2021-01-24T04:51:17.716Z", "user": 1, "content_type": 8, "object_id": "22", "object_repr": "Prita Paramitha - Talent Acquisition at HM Sampoerna", "action_flag": 1, "change_message": "[{\"added\": {}}]"}}, {"model": "admin.logentry", "pk": 43, "fields": {"action_time": "2021-01-24T04:53:07.526Z", "user": 1, "content_type": 8, "object_id": "23", "object_repr": "Ferina Greebe - Talent Acquisition at Bukalapak", "action_flag": 1, "change_message": "[{\"added\": {}}]"}}, {"model": "admin.logentry", "pk": 44, "fields": {"action_time": "2021-01-24T04:54:46.564Z", "user": 1, "content_type": 8, "object_id": "24", "object_repr": "Thalita Amanda - Talent Acquisition at Mekari", "action_flag": 1, "change_message": "[{\"added\": {}}]"}}, {"model": "admin.logentry", "pk": 45, "fields": {"action_time": "2021-01-24T04:56:27.592Z", "user": 1, "content_type": 8, "object_id": "25", "object_repr": "Faradhina Septanisa - Talent Acquisition at Grab Indonesia", "action_flag": 1, "change_message": "[{\"added\": {}}]"}}, {"model": "admin.logentry", "pk": 46, "fields": {"action_time": "2021-01-24T04:58:50.200Z", "user": 1, "content_type": 8, "object_id": "26", "object_repr": "Alifia Kusuma - Recruiter at Bank Amar", "action_flag": 1, "change_message": "[{\"added\": {}}]"}}, {"model": "admin.logentry", "pk": 47, "fields": {"action_time": "2021-01-24T05:00:54.934Z", "user": 1, "content_type": 8, "object_id": "27", "object_repr": "Jessica Putri - Talent Acquisition at HM Sampoerna", "action_flag": 1, "change_message": "[{\"added\": {}}]"}}, {"model": "admin.logentry", "pk": 48, "fields": {"action_time": "2021-01-24T05:02:31.081Z", "user": 1, "content_type": 8, "object_id": "28", "object_repr": "Audra Samodra - Talent Acquisition at Trans 7", "action_flag": 1, "change_message": "[{\"added\": {}}]"}}, {"model": "admin.logentry", "pk": 49, "fields": {"action_time": "2021-01-24T05:04:59.440Z", "user": 1, "content_type": 8, "object_id": "29", "object_repr": "Listia Anindia - Talent Acquisition at Amerta Indah Otsuka", "action_flag": 1, "change_message": "[{\"added\": {}}]"}}, {"model": "admin.logentry", "pk": 50, "fields": {"action_time": "2021-01-29T13:16:09.060Z", "user": 1, "content_type": 8, "object_id": "2", "object_repr": "Shofia A Hajaraswati - Former People Acquisition at Gojek", "action_flag": 2, "change_message": "[{\"changed\": {\"fields\": [\"Full name\"]}}]"}}, {"model": "admin.logentry", "pk": 51, "fields": {"action_time": "2021-01-30T06:17:37.614Z", "user": 1, "content_type": 13, "object_id": "11", "object_repr": "Brandon | Sales Executive", "action_flag": 1, "change_message": "[{\"added\": {}}]"}}, {"model": "admin.logentry", "pk": 52, "fields": {"action_time": "2021-01-30T06:21:31.196Z", "user": 1, "content_type": 13, "object_id": "11", "object_repr": "Brandon | Sales Executive", "action_flag": 2, "change_message": "[{\"changed\": {\"fields\": [\"Profile image\"]}}]"}}, {"model": "admin.logentry", "pk": 53, "fields": {"action_time": "2021-01-30T06:44:56.546Z", "user": 1, "content_type": 13, "object_id": "11", "object_repr": "Brandon | Sales Executive", "action_flag": 2, "change_message": "[{\"changed\": {\"fields\": [\"Profile image\"]}}]"}}, {"model": "admin.logentry", "pk": 54, "fields": {"action_time": "2021-01-31T06:25:00.202Z", "user": 1, "content_type": 13, "object_id": "9", "object_repr": "Tiar Adhi Bagaskara | Creative", "action_flag": 2, "change_message": "[{\"changed\": {\"fields\": [\"Profile image\"]}}]"}}, {"model": "admin.logentry", "pk": 55, "fields": {"action_time": "2021-01-31T06:32:59.220Z", "user": 1, "content_type": 13, "object_id": "3", "object_repr": "Hansel M Falah | CFO", "action_flag": 2, "change_message": "[{\"changed\": {\"fields\": [\"Profile image\"]}}]"}}, {"model": "admin.logentry", "pk": 56, "fields": {"action_time": "2021-01-31T06:38:19.770Z", "user": 1, "content_type": 13, "object_id": "2", "object_repr": "Nethania Dinari | CMO", "action_flag": 2, "change_message": "[{\"changed\": {\"fields\": [\"Profile image\"]}}]"}}, {"model": "admin.logentry", "pk": 57, "fields": {"action_time": "2021-01-31T06:39:03.037Z", "user": 1, "content_type": 13, "object_id": "1", "object_repr": "Teguh Priyantono | CEO", "action_flag": 2, "change_message": "[{\"changed\": {\"fields\": [\"Profile image\"]}}]"}}, {"model": "admin.logentry", "pk": 58, "fields": {"action_time": "2021-01-31T06:43:21.161Z", "user": 1, "content_type": 13, "object_id": "5", "object_repr": "Kharissa Amelia | Graphic Designer", "action_flag": 2, "change_message": "[{\"changed\": {\"fields\": [\"Profile image\"]}}]"}}, {"model": "admin.logentry", "pk": 59, "fields": {"action_time": "2021-01-31T06:45:21.016Z", "user": 1, "content_type": 13, "object_id": "6", "object_repr": "Hanifa Shafira | Graphic Designer", "action_flag": 2, "change_message": "[{\"changed\": {\"fields\": [\"Is show\"]}}]"}}, {"model": "admin.logentry", "pk": 60, "fields": {"action_time": "2021-01-31T06:48:13.347Z", "user": 1, "content_type": 13, "object_id": "10", "object_repr": "Merry Ayu Gultom | Sales Executive", "action_flag": 2, "change_message": "[{\"changed\": {\"fields\": [\"Profile image\"]}}]"}}, {"model": "admin.logentry", "pk": 61, "fields": {"action_time": "2021-01-31T06:50:39.936Z", "user": 1, "content_type": 13, "object_id": "7", "object_repr": "Khoirunnisa Mazaya | Social Media Strategist", "action_flag": 2, "change_message": "[{\"changed\": {\"fields\": [\"Profile image\"]}}]"}}, {"model": "admin.logentry", "pk": 62, "fields": {"action_time": "2021-01-31T06:53:49.348Z", "user": 1, "content_type": 13, "object_id": "8", "object_repr": "Pandu Aji Wijaya | Social Media Strategist", "action_flag": 2, "change_message": "[{\"changed\": {\"fields\": [\"Profile image\"]}}]"}}, {"model": "admin.logentry", "pk": 63, "fields": {"action_time": "2021-01-31T07:02:08.641Z", "user": 1, "content_type": 13, "object_id": "4", "object_repr": "Arga Ghulam Ahmad | CTO", "action_flag": 2, "change_message": "[{\"changed\": {\"fields\": [\"Profile image\"]}}]"}}, {"model": "admin.logentry", "pk": 64, "fields": {"action_time": "2021-01-31T08:44:07.662Z", "user": 1, "content_type": 13, "object_id": "9", "object_repr": "Tiar Adhi Bagaskara | Creative", "action_flag": 2, "change_message": "[{\"changed\": {\"fields\": [\"Profile image\"]}}]"}}, {"model": "admin.logentry", "pk": 65, "fields": {"action_time": "2021-01-31T08:51:44.111Z", "user": 1, "content_type": 13, "object_id": "9", "object_repr": "Tiar Adhi Bagaskara | Creative", "action_flag": 2, "change_message": "[{\"changed\": {\"fields\": [\"Profile image\"]}}]"}}, {"model": "admin.logentry", "pk": 66, "fields": {"action_time": "2021-01-31T08:58:43.870Z", "user": 1, "content_type": 13, "object_id": "1", "object_repr": "Teguh Priyantono | CEO", "action_flag": 2, "change_message": "[{\"changed\": {\"fields\": [\"Profile image\"]}}]"}}, {"model": "admin.logentry", "pk": 67, "fields": {"action_time": "2021-01-31T09:02:10.895Z", "user": 1, "content_type": 13, "object_id": "1", "object_repr": "Teguh Priyantono | CEO", "action_flag": 2, "change_message": "[{\"changed\": {\"fields\": [\"Profile image\"]}}]"}}, {"model": "admin.logentry", "pk": 68, "fields": {"action_time": "2021-01-31T09:08:01.724Z", "user": 1, "content_type": 13, "object_id": "2", "object_repr": "Nethania Dinari | CMO", "action_flag": 2, "change_message": "[{\"changed\": {\"fields\": [\"Profile image\"]}}]"}}, {"model": "admin.logentry", "pk": 69, "fields": {"action_time": "2021-01-31T09:10:25.826Z", "user": 1, "content_type": 13, "object_id": "3", "object_repr": "Hansel M Falah | CFO", "action_flag": 2, "change_message": "[{\"changed\": {\"fields\": [\"Profile image\"]}}]"}}, {"model": "admin.logentry", "pk": 70, "fields": {"action_time": "2021-01-31T09:13:16.378Z", "user": 1, "content_type": 13, "object_id": "5", "object_repr": "Kharissa Amelia | Graphic Designer", "action_flag": 2, "change_message": "[{\"changed\": {\"fields\": [\"Profile image\"]}}]"}}, {"model": "admin.logentry", "pk": 71, "fields": {"action_time": "2021-01-31T09:15:17.738Z", "user": 1, "content_type": 13, "object_id": "7", "object_repr": "Khoirunnisa Mazaya | Social Media Strategist", "action_flag": 2, "change_message": "[{\"changed\": {\"fields\": [\"Profile image\"]}}]"}}, {"model": "admin.logentry", "pk": 72, "fields": {"action_time": "2021-01-31T09:17:50.118Z", "user": 1, "content_type": 13, "object_id": "8", "object_repr": "Pandu Aji Wijaya | Social Media Strategist", "action_flag": 2, "change_message": "[{\"changed\": {\"fields\": [\"Profile image\"]}}]"}}, {"model": "admin.logentry", "pk": 73, "fields": {"action_time": "2021-01-31T09:20:25.571Z", "user": 1, "content_type": 13, "object_id": "10", "object_repr": "Merry Ayu Gultom | Sales Executive", "action_flag": 2, "change_message": "[{\"changed\": {\"fields\": [\"Profile image\"]}}]"}}, {"model": "admin.logentry", "pk": 74, "fields": {"action_time": "2021-01-31T09:23:48.175Z", "user": 1, "content_type": 13, "object_id": "9", "object_repr": "Tiar Adhi Bagaskara | Creative", "action_flag": 2, "change_message": "[{\"changed\": {\"fields\": [\"Profile image\"]}}]"}}, {"model": "admin.logentry", "pk": 75, "fields": {"action_time": "2021-01-31T09:25:21.114Z", "user": 1, "content_type": 13, "object_id": "11", "object_repr": "Brandon | Sales Executive", "action_flag": 2, "change_message": "[{\"changed\": {\"fields\": [\"Profile image\"]}}]"}}, {"model": "admin.logentry", "pk": 76, "fields": {"action_time": "2021-01-31T09:26:32.875Z", "user": 1, "content_type": 13, "object_id": "4", "object_repr": "Arga Ghulam Ahmad | CTO", "action_flag": 2, "change_message": "[{\"changed\": {\"fields\": [\"Is show\"]}}]"}}, {"model": "admin.logentry", "pk": 77, "fields": {"action_time": "2021-01-31T09:28:12.686Z", "user": 1, "content_type": 13, "object_id": "4", "object_repr": "Arga Ghulam Ahmad | CTO", "action_flag": 2, "change_message": "[{\"changed\": {\"fields\": [\"Profile image\"]}}]"}}, {"model": "admin.logentry", "pk": 78, "fields": {"action_time": "2021-02-01T15:31:19.923Z", "user": 1, "content_type": 8, "object_id": "13", "object_repr": "Dewi Juanita - Talent Acquisition at Cermati", "action_flag": 3, "change_message": ""}}, {"model": "admin.logentry", "pk": 79, "fields": {"action_time": "2021-02-01T15:31:19.935Z", "user": 1, "content_type": 8, "object_id": "14", "object_repr": "Anggraini Delina Putri - Talent Acquisition at Lion Super Indo", "action_flag": 3, "change_message": ""}}, {"model": "admin.logentry", "pk": 80, "fields": {"action_time": "2021-02-01T15:31:19.943Z", "user": 1, "content_type": 8, "object_id": "15", "object_repr": "Alifia Nirmala - Recruiter at Tokopedia", "action_flag": 3, "change_message": ""}}, {"model": "admin.logentry", "pk": 81, "fields": {"action_time": "2021-02-01T15:31:19.951Z", "user": 1, "content_type": 8, "object_id": "16", "object_repr": "Siti Hardianti - Recruiter at Manpower Group", "action_flag": 3, "change_message": ""}}, {"model": "admin.logentry", "pk": 82, "fields": {"action_time": "2021-02-01T15:31:19.960Z", "user": 1, "content_type": 8, "object_id": "17", "object_repr": "Desita Mangisi - Talent Acquisition at SCTV", "action_flag": 3, "change_message": ""}}, {"model": "admin.logentry", "pk": 83, "fields": {"action_time": "2021-02-01T15:31:19.970Z", "user": 1, "content_type": 8, "object_id": "18", "object_repr": "Zahra Narjasiah - Talent Acquisition at OVO", "action_flag": 3, "change_message": ""}}, {"model": "admin.logentry", "pk": 84, "fields": {"action_time": "2021-02-01T15:31:19.990Z", "user": 1, "content_type": 8, "object_id": "19", "object_repr": "Devina Calista - Talent Acquisition at Bank Mayapada", "action_flag": 3, "change_message": ""}}, {"model": "admin.logentry", "pk": 85, "fields": {"action_time": "2021-02-01T15:31:20.002Z", "user": 1, "content_type": 8, "object_id": "20", "object_repr": "Novia Halim - Talent Acquisition at Lamudi", "action_flag": 3, "change_message": ""}}, {"model": "admin.logentry", "pk": 86, "fields": {"action_time": "2021-02-01T15:31:20.011Z", "user": 1, "content_type": 8, "object_id": "21", "object_repr": "Sarah Fatikasari - Talent Acquisition at Nestle Indonesia", "action_flag": 3, "change_message": ""}}, {"model": "admin.logentry", "pk": 87, "fields": {"action_time": "2021-02-01T15:31:20.019Z", "user": 1, "content_type": 8, "object_id": "22", "object_repr": "Prita Paramitha - Talent Acquisition at HM Sampoerna", "action_flag": 3, "change_message": ""}}, {"model": "admin.logentry", "pk": 88, "fields": {"action_time": "2021-02-01T15:31:20.028Z", "user": 1, "content_type": 8, "object_id": "23", "object_repr": "Ferina Greebe - Talent Acquisition at Bukalapak", "action_flag": 3, "change_message": ""}}, {"model": "admin.logentry", "pk": 89, "fields": {"action_time": "2021-02-01T15:31:20.037Z", "user": 1, "content_type": 8, "object_id": "24", "object_repr": "Thalita Amanda - Talent Acquisition at Mekari", "action_flag": 3, "change_message": ""}}, {"model": "admin.logentry", "pk": 90, "fields": {"action_time": "2021-02-01T15:31:20.045Z", "user": 1, "content_type": 8, "object_id": "25", "object_repr": "Faradhina Septanisa - Talent Acquisition at Grab Indonesia", "action_flag": 3, "change_message": ""}}, {"model": "admin.logentry", "pk": 91, "fields": {"action_time": "2021-02-01T15:31:20.054Z", "user": 1, "content_type": 8, "object_id": "26", "object_repr": "Alifia Kusuma - Recruiter at Bank Amar", "action_flag": 3, "change_message": ""}}, {"model": "admin.logentry", "pk": 92, "fields": {"action_time": "2021-02-01T15:31:20.062Z", "user": 1, "content_type": 8, "object_id": "27", "object_repr": "Jessica Putri - Talent Acquisition at HM Sampoerna", "action_flag": 3, "change_message": ""}}, {"model": "admin.logentry", "pk": 93, "fields": {"action_time": "2021-02-01T15:31:20.070Z", "user": 1, "content_type": 8, "object_id": "28", "object_repr": "Audra Samodra - Talent Acquisition at Trans 7", "action_flag": 3, "change_message": ""}}, {"model": "admin.logentry", "pk": 94, "fields": {"action_time": "2021-02-01T15:31:20.079Z", "user": 1, "content_type": 8, "object_id": "29", "object_repr": "Listia Anindia - Talent Acquisition at Amerta Indah Otsuka", "action_flag": 3, "change_message": ""}}, {"model": "admin.logentry", "pk": 95, "fields": {"action_time": "2021-02-01T15:38:30.793Z", "user": 1, "content_type": 8, "object_id": "2", "object_repr": "Shofia A Hajaraswati - Former People Acquisition at Gojek", "action_flag": 2, "change_message": "[{\"changed\": {\"fields\": [\"Profile image\"]}}]"}}, {"model": "admin.logentry", "pk": 96, "fields": {"action_time": "2021-02-01T15:40:07.123Z", "user": 1, "content_type": 8, "object_id": "30", "object_repr": "Annisa Huljannah - Talent Sourcer at IDN Media", "action_flag": 1, "change_message": "[{\"added\": {}}]"}}, {"model": "admin.logentry", "pk": 97, "fields": {"action_time": "2021-02-01T16:02:18.952Z", "user": 1, "content_type": 8, "object_id": "4", "object_repr": "Merina Anindita - Senior Talent Acquisition at IDN Media", "action_flag": 2, "change_message": "[{\"changed\": {\"fields\": [\"Profile image\"]}}]"}}, {"model": "admin.logentry", "pk": 98, "fields": {"action_time": "2021-02-01T16:15:09.794Z", "user": 1, "content_type": 8, "object_id": "4", "object_repr": "Merina Anindita - Senior Talent Acquisition at IDN Media", "action_flag": 2, "change_message": "[{\"changed\": {\"fields\": [\"Profile image\"]}}]"}}, {"model": "admin.logentry", "pk": 99, "fields": {"action_time": "2021-02-01T16:21:46.243Z", "user": 1, "content_type": 8, "object_id": "4", "object_repr": "Merina Anindita - Senior Talent Acquisition at IDN Media", "action_flag": 2, "change_message": "[{\"changed\": {\"fields\": [\"Profile image\"]}}]"}}, {"model": "admin.logentry", "pk": 100, "fields": {"action_time": "2021-02-01T16:25:02.336Z", "user": 1, "content_type": 8, "object_id": "1", "object_repr": "Teguh Priyantono - Talent Sourcer at IDN Media", "action_flag": 2, "change_message": "[{\"changed\": {\"fields\": [\"Profile image\"]}}]"}}, {"model": "admin.logentry", "pk": 101, "fields": {"action_time": "2021-02-01T16:25:27.487Z", "user": 1, "content_type": 12, "object_id": "37", "object_repr": "Recruitment Specialist - Kitabisa.com", "action_flag": 1, "change_message": "[{\"added\": {}}]"}}, {"model": "admin.logentry", "pk": 102, "fields": {"action_time": "2021-02-01T16:25:37.965Z", "user": 1, "content_type": 12, "object_id": "37", "object_repr": "Recruitment Specialist - Kitabisa.com", "action_flag": 3, "change_message": ""}}, {"model": "admin.logentry", "pk": 103, "fields": {"action_time": "2021-02-01T16:25:57.789Z", "user": 1, "content_type": 12, "object_id": "38", "object_repr": "Kitabisa.com - Digital", "action_flag": 1, "change_message": "[{\"added\": {}}]"}}, {"model": "admin.logentry", "pk": 104, "fields": {"action_time": "2021-02-01T16:26:00.572Z", "user": 1, "content_type": 8, "object_id": "4", "object_repr": "Merina Anindita - Recruitment Specialist at Kitabisa.com", "action_flag": 2, "change_message": "[{\"changed\": {\"fields\": [\"Role\", \"Company\"]}}]"}}, {"model": "admin.logentry", "pk": 105, "fields": {"action_time": "2021-02-01T16:26:45.240Z", "user": 1, "content_type": 12, "object_id": "38", "object_repr": "Kitabisa - Digital", "action_flag": 2, "change_message": "[{\"changed\": {\"fields\": [\"Name\"]}}]"}}, {"model": "admin.logentry", "pk": 106, "fields": {"action_time": "2021-02-01T16:26:47.693Z", "user": 1, "content_type": 8, "object_id": "4", "object_repr": "Merina Anindita - Recruitment Specialist at Kitabisa", "action_flag": 2, "change_message": "[]"}}, {"model": "admin.logentry", "pk": 107, "fields": {"action_time": "2021-02-01T16:28:49.647Z", "user": 1, "content_type": 13, "object_id": "1", "object_repr": "Teguh Priyantono | CEO", "action_flag": 2, "change_message": "[{\"changed\": {\"fields\": [\"Profile image\"]}}]"}}, {"model": "admin.logentry", "pk": 108, "fields": {"action_time": "2021-02-01T16:31:11.896Z", "user": 1, "content_type": 13, "object_id": "1", "object_repr": "Teguh Priyantono | CEO", "action_flag": 2, "change_message": "[{\"changed\": {\"fields\": [\"Profile image\"]}}]"}}, {"model": "admin.logentry", "pk": 109, "fields": {"action_time": "2021-02-01T16:43:19.146Z", "user": 1, "content_type": 13, "object_id": "2", "object_repr": "Nethania Dinari | CMO", "action_flag": 2, "change_message": "[{\"changed\": {\"fields\": [\"Profile image\"]}}]"}}, {"model": "admin.logentry", "pk": 110, "fields": {"action_time": "2021-02-01T16:45:33.130Z", "user": 1, "content_type": 13, "object_id": "3", "object_repr": "Hansel M Falah | CFO", "action_flag": 2, "change_message": "[{\"changed\": {\"fields\": [\"Profile image\"]}}]"}}, {"model": "admin.logentry", "pk": 111, "fields": {"action_time": "2021-02-01T16:47:41.290Z", "user": 1, "content_type": 13, "object_id": "4", "object_repr": "Arga Ghulam Ahmad | CTO", "action_flag": 2, "change_message": "[{\"changed\": {\"fields\": [\"Profile image\"]}}]"}}, {"model": "admin.logentry", "pk": 112, "fields": {"action_time": "2021-02-01T16:48:53.809Z", "user": 1, "content_type": 13, "object_id": "4", "object_repr": "Arga Ghulam Ahmad | CTO", "action_flag": 2, "change_message": "[]"}}, {"model": "admin.logentry", "pk": 113, "fields": {"action_time": "2021-02-01T16:51:08.865Z", "user": 1, "content_type": 13, "object_id": "5", "object_repr": "Kharissa Amelia | Graphic Designer", "action_flag": 2, "change_message": "[{\"changed\": {\"fields\": [\"Profile image\"]}}]"}}, {"model": "admin.logentry", "pk": 114, "fields": {"action_time": "2021-02-01T16:52:41.202Z", "user": 1, "content_type": 13, "object_id": "7", "object_repr": "Khoirunnisa Mazaya | Social Media Strategist", "action_flag": 2, "change_message": "[{\"changed\": {\"fields\": [\"Profile image\"]}}]"}}, {"model": "admin.logentry", "pk": 115, "fields": {"action_time": "2021-02-01T16:54:56.226Z", "user": 1, "content_type": 13, "object_id": "9", "object_repr": "Tiar Adhi Bagaskara | Creative", "action_flag": 2, "change_message": "[{\"changed\": {\"fields\": [\"Profile image\"]}}]"}}, {"model": "admin.logentry", "pk": 116, "fields": {"action_time": "2021-02-01T16:57:53.658Z", "user": 1, "content_type": 13, "object_id": "11", "object_repr": "Brandon | Sales Executive", "action_flag": 2, "change_message": "[{\"changed\": {\"fields\": [\"Profile image\"]}}]"}}, {"model": "admin.logentry", "pk": 117, "fields": {"action_time": "2021-02-02T05:16:20.329Z", "user": 2, "content_type": 13, "object_id": "4", "object_repr": "Arga Ghulam Ahmad | CTO", "action_flag": 2, "change_message": "[{\"changed\": {\"fields\": [\"Is show\"]}}]"}}, {"model": "admin.logentry", "pk": 118, "fields": {"action_time": "2021-02-03T13:58:19.679Z", "user": 2, "content_type": 9, "object_id": "2", "object_repr": "Teguh Priyantono - Pandu Aji Wijaya - 01/17/2021, 07:11:45", "action_flag": 3, "change_message": ""}}, {"model": "admin.logentry", "pk": 119, "fields": {"action_time": "2021-02-03T13:58:19.729Z", "user": 2, "content_type": 9, "object_id": "3", "object_repr": "Teguh Priyantono - Pandu Aji Wijaya - 01/17/2021, 07:11:45", "action_flag": 3, "change_message": ""}}, {"model": "admin.logentry", "pk": 120, "fields": {"action_time": "2021-02-03T13:58:19.737Z", "user": 2, "content_type": 9, "object_id": "4", "object_repr": "Teguh Priyantono - Pandu Aji Wijaya - 01/17/2021, 07:11:45", "action_flag": 3, "change_message": ""}}, {"model": "admin.logentry", "pk": 121, "fields": {"action_time": "2021-02-03T13:58:19.746Z", "user": 2, "content_type": 9, "object_id": "5", "object_repr": "Teguh Priyantono - Pandu Aji Wijaya - 01/17/2021, 07:11:45", "action_flag": 3, "change_message": ""}}, {"model": "admin.logentry", "pk": 122, "fields": {"action_time": "2021-02-03T13:58:19.755Z", "user": 2, "content_type": 9, "object_id": "6", "object_repr": "Teguh Priyantono - Pandu Aji Wijaya - 01/17/2021, 07:11:45", "action_flag": 3, "change_message": ""}}, {"model": "admin.logentry", "pk": 123, "fields": {"action_time": "2021-02-03T13:58:19.763Z", "user": 2, "content_type": 9, "object_id": "7", "object_repr": "Teguh Priyantono - Pandu Aji Wijaya - 01/17/2021, 07:11:45", "action_flag": 3, "change_message": ""}}, {"model": "admin.logentry", "pk": 124, "fields": {"action_time": "2021-02-03T13:58:19.798Z", "user": 2, "content_type": 9, "object_id": "8", "object_repr": "Teguh Priyantono - Pandu Aji Wijaya - 01/17/2021, 07:11:45", "action_flag": 3, "change_message": ""}}, {"model": "admin.logentry", "pk": 125, "fields": {"action_time": "2021-02-03T13:58:19.807Z", "user": 2, "content_type": 9, "object_id": "9", "object_repr": "Teguh Priyantono - Pandu Aji Wijaya - 01/17/2021, 07:11:45", "action_flag": 3, "change_message": ""}}, {"model": "admin.logentry", "pk": 126, "fields": {"action_time": "2021-02-03T13:58:19.815Z", "user": 2, "content_type": 9, "object_id": "10", "object_repr": "Teguh Priyantono - Pandu Aji Wijaya - 01/17/2021, 07:11:45", "action_flag": 3, "change_message": ""}}, {"model": "admin.logentry", "pk": 127, "fields": {"action_time": "2021-02-03T13:58:19.824Z", "user": 2, "content_type": 9, "object_id": "11", "object_repr": "Teguh Priyantono - Pandu Aji Wijaya - 01/17/2021, 07:11:45", "action_flag": 3, "change_message": ""}}, {"model": "admin.logentry", "pk": 128, "fields": {"action_time": "2021-02-03T13:58:19.833Z", "user": 2, "content_type": 9, "object_id": "12", "object_repr": "Teguh Priyantono - Pandu Aji Wijaya - 01/17/2021, 07:11:45", "action_flag": 3, "change_message": ""}}, {"model": "admin.logentry", "pk": 129, "fields": {"action_time": "2021-02-03T13:58:19.842Z", "user": 2, "content_type": 9, "object_id": "13", "object_repr": "Teguh Priyantono - Pandu Aji Wijaya - 01/17/2021, 07:11:45", "action_flag": 3, "change_message": ""}}, {"model": "admin.logentry", "pk": 130, "fields": {"action_time": "2021-02-03T13:58:19.850Z", "user": 2, "content_type": 9, "object_id": "14", "object_repr": "Teguh Priyantono - Pandu Aji Wijaya - 01/17/2021, 07:11:45", "action_flag": 3, "change_message": ""}}, {"model": "admin.logentry", "pk": 131, "fields": {"action_time": "2021-02-03T13:58:19.858Z", "user": 2, "content_type": 9, "object_id": "15", "object_repr": "Teguh Priyantono - Pandu Aji Wijaya - 01/17/2021, 07:11:45", "action_flag": 3, "change_message": ""}}, {"model": "admin.logentry", "pk": 132, "fields": {"action_time": "2021-02-03T13:58:19.867Z", "user": 2, "content_type": 9, "object_id": "16", "object_repr": "Teguh Priyantono - Pandu Aji Wijaya - 01/17/2021, 07:11:45", "action_flag": 3, "change_message": ""}}, {"model": "admin.logentry", "pk": 133, "fields": {"action_time": "2021-02-03T13:58:19.875Z", "user": 2, "content_type": 9, "object_id": "17", "object_repr": "Teguh Priyantono - Pandu Aji Wijaya - 01/17/2021, 07:11:45", "action_flag": 3, "change_message": ""}}, {"model": "admin.logentry", "pk": 134, "fields": {"action_time": "2021-02-03T13:58:19.884Z", "user": 2, "content_type": 9, "object_id": "18", "object_repr": "Teguh Priyantono - Pandu Aji Wijaya - 01/17/2021, 07:11:45", "action_flag": 3, "change_message": ""}}, {"model": "admin.logentry", "pk": 135, "fields": {"action_time": "2021-02-03T13:58:19.892Z", "user": 2, "content_type": 9, "object_id": "19", "object_repr": "Teguh Priyantono - Pandu Aji Wijaya - 01/17/2021, 07:11:45", "action_flag": 3, "change_message": ""}}, {"model": "admin.logentry", "pk": 136, "fields": {"action_time": "2021-02-03T13:58:19.900Z", "user": 2, "content_type": 9, "object_id": "20", "object_repr": "Teguh Priyantono - Pandu Aji Wijaya - 01/17/2021, 13:19:38", "action_flag": 3, "change_message": ""}}, {"model": "admin.logentry", "pk": 137, "fields": {"action_time": "2021-02-03T13:59:33.905Z", "user": 2, "content_type": 9, "object_id": "1", "object_repr": "Teguh Priyantono - Pandu Aji Wijaya - 01/18/2021, 14:52:16", "action_flag": 2, "change_message": "[{\"changed\": {\"fields\": [\"Testimony proof\"]}}]"}}, {"model": "admin.logentry", "pk": 138, "fields": {"action_time": "2021-02-03T13:59:40.991Z", "user": 2, "content_type": 9, "object_id": "1", "object_repr": "Teguh Priyantono - Pandu Aji Wijaya - 01/18/2021, 14:52:16", "action_flag": 2, "change_message": "[{\"changed\": {\"fields\": [\"Rating\"]}}]"}}, {"model": "admin.logentry", "pk": 139, "fields": {"action_time": "2021-02-05T18:26:15.284Z", "user": 1, "content_type": 8, "object_id": "31", "object_repr": "Devina Calista - Talent Acquisition at Bank Mayapada", "action_flag": 1, "change_message": "[{\"added\": {}}]"}}, {"model": "admin.logentry", "pk": 140, "fields": {"action_time": "2021-02-05T18:28:01.734Z", "user": 1, "content_type": 8, "object_id": "31", "object_repr": "Devina Calista - Talent Acquisition at Bank Mayapada", "action_flag": 2, "change_message": "[{\"changed\": {\"fields\": [\"Profile image\"]}}]"}}, {"model": "admin.logentry", "pk": 141, "fields": {"action_time": "2021-02-05T18:32:50.995Z", "user": 1, "content_type": 8, "object_id": "32", "object_repr": "Alifa Kusuma - Recruiter at Bank Amar", "action_flag": 1, "change_message": "[{\"added\": {}}]"}}, {"model": "admin.logentry", "pk": 142, "fields": {"action_time": "2021-02-05T18:33:57.855Z", "user": 1, "content_type": 8, "object_id": "31", "object_repr": "Devina Calista - Recruiter at Bank Mayapada", "action_flag": 2, "change_message": "[{\"changed\": {\"fields\": [\"Role\"]}}]"}}, {"model": "admin.logentry", "pk": 143, "fields": {"action_time": "2021-02-05T18:42:04.729Z", "user": 1, "content_type": 8, "object_id": "1", "object_repr": "Teguh Priyantono - Talent Sourcer at IDN Media", "action_flag": 2, "change_message": "[{\"changed\": {\"fields\": [\"Profile image\"]}}]"}}, {"model": "admin.logentry", "pk": 144, "fields": {"action_time": "2021-02-05T18:43:40.428Z", "user": 1, "content_type": 8, "object_id": "4", "object_repr": "Merina Anindita - Recruitment Specialist at Kitabisa", "action_flag": 2, "change_message": "[{\"changed\": {\"fields\": [\"Profile image\"]}}]"}}, {"model": "admin.logentry", "pk": 145, "fields": {"action_time": "2021-02-05T18:44:13.210Z", "user": 1, "content_type": 8, "object_id": "4", "object_repr": "Merina Anindita - Recruitment Specialist at Kitabisa", "action_flag": 2, "change_message": "[]"}}, {"model": "admin.logentry", "pk": 146, "fields": {"action_time": "2021-02-05T18:47:48.522Z", "user": 1, "content_type": 8, "object_id": "2", "object_repr": "Shofia A Hajaraswati - Former People Acquisition at Gojek", "action_flag": 2, "change_message": "[{\"changed\": {\"fields\": [\"Profile image\"]}}]"}}, {"model": "admin.logentry", "pk": 147, "fields": {"action_time": "2021-02-06T09:33:56.443Z", "user": 2, "content_type": 8, "object_id": "1", "object_repr": "Teguh Priyantono - Talent Sourcer at IDN Media", "action_flag": 2, "change_message": "[]"}}, {"model": "admin.logentry", "pk": 153, "fields": {"action_time": "2021-02-06T09:41:25.329Z", "user": 2, "content_type": 13, "object_id": "1", "object_repr": "Teguh Priyantono | CEO", "action_flag": 2, "change_message": "[]"}}, {"model": "admin.logentry", "pk": 154, "fields": {"action_time": "2021-02-06T09:42:31.329Z", "user": 2, "content_type": 13, "object_id": "1", "object_repr": "Teguh Priyantono | CEO", "action_flag": 2, "change_message": "[]"}}, {"model": "admin.logentry", "pk": 155, "fields": {"action_time": "2021-02-06T09:43:41.450Z", "user": 2, "content_type": 13, "object_id": "1", "object_repr": "Teguh Priyantono | CEO", "action_flag": 2, "change_message": "[]"}}, {"model": "admin.logentry", "pk": 156, "fields": {"action_time": "2021-02-06T09:46:05.627Z", "user": 2, "content_type": 13, "object_id": "1", "object_repr": "Teguh Priyantono | CEO", "action_flag": 2, "change_message": "[]"}}, {"model": "admin.logentry", "pk": 157, "fields": {"action_time": "2021-02-06T09:54:53.930Z", "user": 2, "content_type": 13, "object_id": "1", "object_repr": "Teguh Priyantono | CEO", "action_flag": 2, "change_message": "[]"}}, {"model": "admin.logentry", "pk": 158, "fields": {"action_time": "2021-02-06T09:55:03.245Z", "user": 2, "content_type": 13, "object_id": "1", "object_repr": "Teguh Priyantono | CEO", "action_flag": 2, "change_message": "[]"}}, {"model": "admin.logentry", "pk": 159, "fields": {"action_time": "2021-02-06T10:54:50.761Z", "user": 2, "content_type": 13, "object_id": "1", "object_repr": "Teguh Priyantono | CEO", "action_flag": 2, "change_message": "[{\"changed\": {\"fields\": [\"Profile image\"]}}]"}}, {"model": "admin.logentry", "pk": 160, "fields": {"action_time": "2021-02-06T11:05:59.001Z", "user": 2, "content_type": 13, "object_id": "1", "object_repr": "Teguh Priyantono | CEO", "action_flag": 2, "change_message": "[{\"changed\": {\"fields\": [\"Profile image\"]}}]"}}, {"model": "admin.logentry", "pk": 161, "fields": {"action_time": "2021-02-06T11:15:28.866Z", "user": 2, "content_type": 13, "object_id": "1", "object_repr": "Teguh Priyantono | CEO", "action_flag": 2, "change_message": "[{\"changed\": {\"fields\": [\"Profile image\"]}}]"}}, {"model": "admin.logentry", "pk": 162, "fields": {"action_time": "2021-02-06T11:40:20.716Z", "user": 1, "content_type": 8, "object_id": "1", "object_repr": "Teguh Priyantono - Talent Sourcer at IDN Media", "action_flag": 2, "change_message": "[{\"changed\": {\"fields\": [\"Profile image\"]}}]"}}, {"model": "admin.logentry", "pk": 163, "fields": {"action_time": "2021-02-06T12:13:35.807Z", "user": 1, "content_type": 8, "object_id": "2", "object_repr": "Shofia A Hajaraswati - Former People Acquisition at Gojek", "action_flag": 2, "change_message": "[{\"changed\": {\"fields\": [\"Profile image\"]}}]"}}, {"model": "admin.logentry", "pk": 164, "fields": {"action_time": "2021-02-06T12:13:44.046Z", "user": 1, "content_type": 8, "object_id": "2", "object_repr": "Shofia A Hajaraswati - Former People Acquisition at Gojek", "action_flag": 2, "change_message": "[{\"changed\": {\"fields\": [\"Profile image\"]}}]"}}, {"model": "admin.logentry", "pk": 165, "fields": {"action_time": "2021-02-06T12:14:09.674Z", "user": 1, "content_type": 8, "object_id": "4", "object_repr": "Merina Anindita - Recruitment Specialist at Kitabisa", "action_flag": 2, "change_message": "[{\"changed\": {\"fields\": [\"Profile image\"]}}]"}}, {"model": "admin.logentry", "pk": 166, "fields": {"action_time": "2021-02-06T12:14:18.142Z", "user": 1, "content_type": 8, "object_id": "4", "object_repr": "Merina Anindita - Recruitment Specialist at Kitabisa", "action_flag": 2, "change_message": "[{\"changed\": {\"fields\": [\"Profile image\"]}}]"}}, {"model": "admin.logentry", "pk": 167, "fields": {"action_time": "2021-02-06T12:14:22.814Z", "user": 1, "content_type": 8, "object_id": "30", "object_repr": "Annisa Huljannah - Talent Sourcer at IDN Media", "action_flag": 2, "change_message": "[{\"changed\": {\"fields\": [\"Profile image\"]}}]"}}, {"model": "admin.logentry", "pk": 168, "fields": {"action_time": "2021-02-06T12:14:40.621Z", "user": 1, "content_type": 8, "object_id": "30", "object_repr": "Annisa Huljannah - Talent Sourcer at IDN Media", "action_flag": 2, "change_message": "[{\"changed\": {\"fields\": [\"Profile image\"]}}]"}}, {"model": "admin.logentry", "pk": 169, "fields": {"action_time": "2021-02-06T12:16:16.150Z", "user": 1, "content_type": 8, "object_id": "31", "object_repr": "Devina Calista - Recruiter at Bank Mayapada", "action_flag": 2, "change_message": "[{\"changed\": {\"fields\": [\"Profile image\"]}}]"}}, {"model": "admin.logentry", "pk": 170, "fields": {"action_time": "2021-02-06T12:16:24.807Z", "user": 1, "content_type": 8, "object_id": "31", "object_repr": "Devina Calista - Recruiter at Bank Mayapada", "action_flag": 2, "change_message": "[{\"changed\": {\"fields\": [\"Profile image\"]}}]"}}, {"model": "admin.logentry", "pk": 171, "fields": {"action_time": "2021-02-06T12:16:29.024Z", "user": 1, "content_type": 8, "object_id": "32", "object_repr": "Alifa Kusuma - Recruiter at Bank Amar", "action_flag": 2, "change_message": "[{\"changed\": {\"fields\": [\"Profile image\"]}}]"}}, {"model": "admin.logentry", "pk": 172, "fields": {"action_time": "2021-02-06T12:16:37.044Z", "user": 1, "content_type": 8, "object_id": "32", "object_repr": "Alifa Kusuma - Recruiter at Bank Amar", "action_flag": 2, "change_message": "[{\"changed\": {\"fields\": [\"Profile image\"]}}]"}}, {"model": "admin.logentry", "pk": 173, "fields": {"action_time": "2021-02-06T12:51:28.122Z", "user": 1, "content_type": 13, "object_id": "1", "object_repr": "Teguh Priyantono | CEO", "action_flag": 2, "change_message": "[{\"changed\": {\"fields\": [\"Profile image\"]}}]"}}, {"model": "admin.logentry", "pk": 174, "fields": {"action_time": "2021-02-06T12:51:33.101Z", "user": 1, "content_type": 13, "object_id": "2", "object_repr": "Nethania Dinari | CMO", "action_flag": 2, "change_message": "[{\"changed\": {\"fields\": [\"Profile image\"]}}]"}}, {"model": "admin.logentry", "pk": 175, "fields": {"action_time": "2021-02-06T12:51:37.844Z", "user": 1, "content_type": 13, "object_id": "3", "object_repr": "Hansel M Falah | CFO", "action_flag": 2, "change_message": "[{\"changed\": {\"fields\": [\"Profile image\"]}}]"}}, {"model": "admin.logentry", "pk": 176, "fields": {"action_time": "2021-02-06T12:51:42.460Z", "user": 1, "content_type": 13, "object_id": "4", "object_repr": "Arga Ghulam Ahmad | CTO", "action_flag": 2, "change_message": "[{\"changed\": {\"fields\": [\"Profile image\"]}}]"}}, {"model": "admin.logentry", "pk": 177, "fields": {"action_time": "2021-02-06T12:51:46.393Z", "user": 1, "content_type": 13, "object_id": "5", "object_repr": "Kharissa Amelia | Graphic Designer", "action_flag": 2, "change_message": "[{\"changed\": {\"fields\": [\"Profile image\"]}}]"}}, {"model": "admin.logentry", "pk": 178, "fields": {"action_time": "2021-02-06T12:51:55.470Z", "user": 1, "content_type": 13, "object_id": "6", "object_repr": "Hanifa Shafira | Graphic Designer", "action_flag": 2, "change_message": "[{\"changed\": {\"fields\": [\"Profile image\"]}}]"}}, {"model": "admin.logentry", "pk": 179, "fields": {"action_time": "2021-02-06T12:51:59.733Z", "user": 1, "content_type": 13, "object_id": "7", "object_repr": "Khoirunnisa Mazaya | Social Media Strategist", "action_flag": 2, "change_message": "[{\"changed\": {\"fields\": [\"Profile image\"]}}]"}}, {"model": "admin.logentry", "pk": 180, "fields": {"action_time": "2021-02-06T12:52:04.799Z", "user": 1, "content_type": 13, "object_id": "8", "object_repr": "Pandu Aji Wijaya | Social Media Strategist", "action_flag": 2, "change_message": "[{\"changed\": {\"fields\": [\"Profile image\"]}}]"}}, {"model": "admin.logentry", "pk": 181, "fields": {"action_time": "2021-02-06T12:52:08.777Z", "user": 1, "content_type": 13, "object_id": "9", "object_repr": "Tiar Adhi Bagaskara | Creative", "action_flag": 2, "change_message": "[{\"changed\": {\"fields\": [\"Profile image\"]}}]"}}, {"model": "admin.logentry", "pk": 182, "fields": {"action_time": "2021-02-06T12:52:13.509Z", "user": 1, "content_type": 13, "object_id": "10", "object_repr": "Merry Ayu Gultom | Sales Executive", "action_flag": 2, "change_message": "[{\"changed\": {\"fields\": [\"Profile image\"]}}]"}}, {"model": "admin.logentry", "pk": 183, "fields": {"action_time": "2021-02-06T12:52:19.964Z", "user": 1, "content_type": 13, "object_id": "11", "object_repr": "Brandon | Sales Executive", "action_flag": 2, "change_message": "[{\"changed\": {\"fields\": [\"Profile image\"]}}]"}}, {"model": "admin.logentry", "pk": 184, "fields": {"action_time": "2021-02-06T12:52:32.169Z", "user": 1, "content_type": 13, "object_id": "1", "object_repr": "Teguh Priyantono | CEO", "action_flag": 2, "change_message": "[{\"changed\": {\"fields\": [\"Profile image\"]}}]"}}, {"model": "admin.logentry", "pk": 185, "fields": {"action_time": "2021-02-06T12:52:48.904Z", "user": 1, "content_type": 13, "object_id": "2", "object_repr": "Nethania Dinari | CMO", "action_flag": 2, "change_message": "[{\"changed\": {\"fields\": [\"Profile image\"]}}]"}}, {"model": "admin.logentry", "pk": 186, "fields": {"action_time": "2021-02-06T12:53:04.556Z", "user": 1, "content_type": 13, "object_id": "3", "object_repr": "Hansel M Falah | CFO", "action_flag": 2, "change_message": "[{\"changed\": {\"fields\": [\"Profile image\"]}}]"}}, {"model": "admin.logentry", "pk": 187, "fields": {"action_time": "2021-02-06T12:53:16.655Z", "user": 1, "content_type": 13, "object_id": "4", "object_repr": "Arga Ghulam Ahmad | CTO", "action_flag": 2, "change_message": "[{\"changed\": {\"fields\": [\"Profile image\"]}}]"}}, {"model": "admin.logentry", "pk": 188, "fields": {"action_time": "2021-02-06T12:53:28.606Z", "user": 1, "content_type": 13, "object_id": "5", "object_repr": "Kharissa Amelia | Graphic Designer", "action_flag": 2, "change_message": "[{\"changed\": {\"fields\": [\"Profile image\"]}}]"}}, {"model": "admin.logentry", "pk": 189, "fields": {"action_time": "2021-02-06T12:53:52.675Z", "user": 1, "content_type": 13, "object_id": "7", "object_repr": "Khoirunnisa Mazaya | Social Media Strategist", "action_flag": 2, "change_message": "[{\"changed\": {\"fields\": [\"Profile image\"]}}]"}}, {"model": "admin.logentry", "pk": 190, "fields": {"action_time": "2021-02-06T12:54:16.760Z", "user": 1, "content_type": 13, "object_id": "8", "object_repr": "Pandu Aji Wijaya | Social Media Strategist", "action_flag": 2, "change_message": "[{\"changed\": {\"fields\": [\"Profile image\"]}}]"}}, {"model": "admin.logentry", "pk": 191, "fields": {"action_time": "2021-02-06T12:54:26.347Z", "user": 1, "content_type": 13, "object_id": "9", "object_repr": "Tiar Adhi Bagaskara | Creative", "action_flag": 2, "change_message": "[{\"changed\": {\"fields\": [\"Profile image\"]}}]"}}, {"model": "admin.logentry", "pk": 192, "fields": {"action_time": "2021-02-06T12:54:47.226Z", "user": 1, "content_type": 13, "object_id": "10", "object_repr": "Merry Ayu Gultom | Sales Executive", "action_flag": 2, "change_message": "[{\"changed\": {\"fields\": [\"Profile image\"]}}]"}}, {"model": "admin.logentry", "pk": 193, "fields": {"action_time": "2021-02-06T12:54:59.685Z", "user": 1, "content_type": 13, "object_id": "11", "object_repr": "Brandon | Sales Executive", "action_flag": 2, "change_message": "[{\"changed\": {\"fields\": [\"Profile image\"]}}]"}}, {"model": "admin.logentry", "pk": 194, "fields": {"action_time": "2021-02-06T12:56:04.610Z", "user": 2, "content_type": 7, "object_id": "4", "object_repr": "Rachel Vonny - Fresh Graduate", "action_flag": 3, "change_message": ""}}, {"model": "admin.logentry", "pk": 195, "fields": {"action_time": "2021-02-06T12:56:12.949Z", "user": 1, "content_type": 13, "object_id": "1", "object_repr": "Teguh Priyantono | CEO", "action_flag": 2, "change_message": "[{\"changed\": {\"fields\": [\"Profile image\"]}}]"}}, {"model": "admin.logentry", "pk": 196, "fields": {"action_time": "2021-02-06T12:56:27.455Z", "user": 1, "content_type": 13, "object_id": "1", "object_repr": "Teguh Priyantono | CEO", "action_flag": 2, "change_message": "[{\"changed\": {\"fields\": [\"Profile image\"]}}]"}}, {"model": "admin.logentry", "pk": 197, "fields": {"action_time": "2021-02-06T12:57:03.665Z", "user": 2, "content_type": 9, "object_id": "1", "object_repr": "Teguh Priyantono - Pandu Aji Wijaya - 01/18/2021, 14:52:16", "action_flag": 2, "change_message": "[{\"changed\": {\"fields\": [\"Paid proof\"]}}]"}}, {"model": "admin.logentry", "pk": 198, "fields": {"action_time": "2021-02-06T12:57:17.425Z", "user": 2, "content_type": 7, "object_id": "3", "object_repr": "Pandu Aji Wijaya - Fresh Graduate", "action_flag": 2, "change_message": "[{\"changed\": {\"fields\": [\"Profile image\"]}}]"}}, {"model": "admin.logentry", "pk": 199, "fields": {"action_time": "2021-02-06T23:34:08.612Z", "user": 2, "content_type": 9, "object_id": "1", "object_repr": "Teguh Priyantono - Pandu Aji Wijaya - 01/18/2021, 14:52:16", "action_flag": 2, "change_message": "[{\"changed\": {\"fields\": [\"Paid proof\", \"Testimony proof\"]}}]"}}, {"model": "admin.logentry", "pk": 200, "fields": {"action_time": "2021-02-08T08:30:01.409Z", "user": 1, "content_type": 8, "object_id": "33", "object_repr": "Derry Pratama Reza - Talent Acquisition at Ruangguru", "action_flag": 1, "change_message": "[{\"added\": {}}]"}}, {"model": "admin.logentry", "pk": 201, "fields": {"action_time": "2021-02-08T16:17:54.055Z", "user": 1, "content_type": 12, "object_id": "39", "object_repr": "Kompas Gramedia - Digital Media", "action_flag": 1, "change_message": "[{\"added\": {}}]"}}, {"model": "admin.logentry", "pk": 202, "fields": {"action_time": "2021-02-08T16:18:30.600Z", "user": 1, "content_type": 8, "object_id": "34", "object_repr": "Dea Permata Sari - Recruiter at Kompas Gramedia", "action_flag": 1, "change_message": "[{\"added\": {}}]"}}, {"model": "admin.logentry", "pk": 203, "fields": {"action_time": "2021-02-09T02:35:55.011Z", "user": 1, "content_type": 8, "object_id": "33", "object_repr": "Derry Pratama Reza - Sr. Talent Acquisition at Ruangguru", "action_flag": 2, "change_message": "[{\"changed\": {\"fields\": [\"Role\"]}}]"}}, {"model": "admin.logentry", "pk": 204, "fields": {"action_time": "2021-02-12T05:43:06.767Z", "user": 1, "content_type": 8, "object_id": "32", "object_repr": "Alifa Kusuma - Recruiter at Bank Amar", "action_flag": 2, "change_message": "[{\"changed\": {\"fields\": [\"Profile image\"]}}]"}}, {"model": "admin.logentry", "pk": 205, "fields": {"action_time": "2021-02-12T05:43:13.403Z", "user": 1, "content_type": 8, "object_id": "32", "object_repr": "Alifa Kusuma - Recruiter at Bank Amar", "action_flag": 2, "change_message": "[{\"changed\": {\"fields\": [\"Profile image\"]}}]"}}, {"model": "admin.logentry", "pk": 206, "fields": {"action_time": "2021-02-12T05:48:22.466Z", "user": 1, "content_type": 8, "object_id": "32", "object_repr": "Alifa Kusuma - Recruiter at Bank Amar", "action_flag": 2, "change_message": "[{\"changed\": {\"fields\": [\"Profile image\"]}}]"}}, {"model": "admin.logentry", "pk": 207, "fields": {"action_time": "2021-02-12T05:48:30.567Z", "user": 1, "content_type": 8, "object_id": "32", "object_repr": "Alifa Kusuma - Recruiter at Bank Amar", "action_flag": 2, "change_message": "[{\"changed\": {\"fields\": [\"Profile image\"]}}]"}}, {"model": "admin.logentry", "pk": 208, "fields": {"action_time": "2021-02-12T05:53:19.091Z", "user": 1, "content_type": 8, "object_id": "33", "object_repr": "Derry Pratama Reza - Sr. Talent Acquisition at Ruangguru", "action_flag": 2, "change_message": "[{\"changed\": {\"fields\": [\"Profile image\"]}}]"}}, {"model": "admin.logentry", "pk": 209, "fields": {"action_time": "2021-02-12T05:53:26.799Z", "user": 1, "content_type": 8, "object_id": "33", "object_repr": "Derry Pratama Reza - Sr. Talent Acquisition at Ruangguru", "action_flag": 2, "change_message": "[{\"changed\": {\"fields\": [\"Profile image\"]}}]"}}, {"model": "admin.logentry", "pk": 210, "fields": {"action_time": "2021-02-12T05:55:04.448Z", "user": 1, "content_type": 8, "object_id": "34", "object_repr": "Dea Permata Sari - Recruiter at Kompas Gramedia", "action_flag": 2, "change_message": "[{\"changed\": {\"fields\": [\"Profile image\"]}}]"}}, {"model": "admin.logentry", "pk": 211, "fields": {"action_time": "2021-02-12T05:55:10.523Z", "user": 1, "content_type": 8, "object_id": "34", "object_repr": "Dea Permata Sari - Recruiter at Kompas Gramedia", "action_flag": 2, "change_message": "[{\"changed\": {\"fields\": [\"Profile image\"]}}]"}}, {"model": "admin.logentry", "pk": 212, "fields": {"action_time": "2021-02-13T10:39:10.575Z", "user": 1, "content_type": 8, "object_id": "31", "object_repr": "Devina Calista - Recruiter at Bank Mayapada", "action_flag": 2, "change_message": "[{\"changed\": {\"fields\": [\"Profile image\"]}}]"}}, {"model": "admin.logentry", "pk": 213, "fields": {"action_time": "2021-02-13T10:39:17.905Z", "user": 1, "content_type": 8, "object_id": "31", "object_repr": "Devina Calista - Recruiter at Bank Mayapada", "action_flag": 2, "change_message": "[{\"changed\": {\"fields\": [\"Profile image\"]}}]"}}, {"model": "admin.logentry", "pk": 214, "fields": {"action_time": "2021-02-13T10:59:08.959Z", "user": 1, "content_type": 8, "object_id": "4", "object_repr": "Merina Anindita - Recruitment Specialist at IDN Media", "action_flag": 2, "change_message": "[{\"changed\": {\"fields\": [\"Company\"]}}]"}}, {"model": "admin.logentry", "pk": 215, "fields": {"action_time": "2021-02-13T10:59:17.065Z", "user": 1, "content_type": 8, "object_id": "4", "object_repr": "Merina Anindita - Sr. Talent Acquisition at IDN Media", "action_flag": 2, "change_message": "[{\"changed\": {\"fields\": [\"Role\"]}}]"}}, {"model": "admin.logentry", "pk": 216, "fields": {"action_time": "2021-02-13T11:03:29.680Z", "user": 2, "content_type": 13, "object_id": "4", "object_repr": "Arga Ghulam Ahmad | CTO", "action_flag": 2, "change_message": "[{\"changed\": {\"fields\": [\"Is show\"]}}]"}}, {"model": "admin.logentry", "pk": 217, "fields": {"action_time": "2021-02-13T11:05:47.842Z", "user": 2, "content_type": 13, "object_id": "4", "object_repr": "Arga Ghulam Ahmad | Founder, CTO", "action_flag": 2, "change_message": "[{\"changed\": {\"fields\": [\"Position\"]}}]"}}, {"model": "admin.logentry", "pk": 218, "fields": {"action_time": "2021-02-13T11:05:57.219Z", "user": 2, "content_type": 13, "object_id": "1", "object_repr": "Teguh Priyantono | Founder & CEO", "action_flag": 2, "change_message": "[{\"changed\": {\"fields\": [\"Position\"]}}]"}}, {"model": "admin.logentry", "pk": 219, "fields": {"action_time": "2021-02-13T11:06:05.265Z", "user": 2, "content_type": 13, "object_id": "4", "object_repr": "Arga Ghulam Ahmad | Founder & CTO", "action_flag": 2, "change_message": "[{\"changed\": {\"fields\": [\"Position\"]}}]"}}, {"model": "admin.logentry", "pk": 220, "fields": {"action_time": "2021-02-13T11:22:21.731Z", "user": 1, "content_type": 8, "object_id": "35", "object_repr": "Dimas Pandu - Talent Acquisition at Ruangguru", "action_flag": 1, "change_message": "[{\"added\": {}}]"}}, {"model": "admin.logentry", "pk": 221, "fields": {"action_time": "2021-02-14T07:55:31.815Z", "user": 1, "content_type": 8, "object_id": "35", "object_repr": "Dimas Pandu - Talent Acquisition at Ruangguru", "action_flag": 2, "change_message": "[{\"changed\": {\"fields\": [\"Profile image\"]}}]"}}, {"model": "admin.logentry", "pk": 222, "fields": {"action_time": "2021-02-14T07:55:41.749Z", "user": 1, "content_type": 8, "object_id": "35", "object_repr": "Dimas Pandu - Talent Acquisition at Ruangguru", "action_flag": 2, "change_message": "[{\"changed\": {\"fields\": [\"Profile image\"]}}]"}}, {"model": "admin.logentry", "pk": 223, "fields": {"action_time": "2021-02-15T02:23:19.647Z", "user": 1, "content_type": 13, "object_id": "2", "object_repr": "Arga Ghulam Ahmad | Founder & CTO", "action_flag": 2, "change_message": "[{\"changed\": {\"fields\": [\"Profile image\"]}}]"}}, {"model": "admin.logentry", "pk": 224, "fields": {"action_time": "2021-02-15T02:23:27.918Z", "user": 1, "content_type": 13, "object_id": "2", "object_repr": "Arga Ghulam Ahmad | Founder & CTO", "action_flag": 2, "change_message": "[{\"changed\": {\"fields\": [\"Profile image\"]}}]"}}, {"model": "admin.logentry", "pk": 225, "fields": {"action_time": "2021-02-15T05:59:57.283Z", "user": 1, "content_type": 12, "object_id": "1", "object_repr": "Doku - Fintech", "action_flag": 2, "change_message": "[{\"changed\": {\"fields\": [\"Name\"]}}]"}}, {"model": "admin.logentry", "pk": 226, "fields": {"action_time": "2021-02-15T06:00:56.505Z", "user": 1, "content_type": 8, "object_id": "36", "object_repr": "Sheftyani Rizky - Sr. Tech Recruiter at Doku", "action_flag": 1, "change_message": "[{\"added\": {}}]"}}, {"model": "admin.logentry", "pk": 227, "fields": {"action_time": "2021-02-15T06:04:30.531Z", "user": 1, "content_type": 8, "object_id": "30", "object_repr": "Annisa Huljannah - Talent Sourcer at IDN Media", "action_flag": 3, "change_message": ""}}, {"model": "admin.logentry", "pk": 228, "fields": {"action_time": "2021-02-15T06:05:35.571Z", "user": 1, "content_type": 8, "object_id": "37", "object_repr": "Annisa Huljannah - Talent Sourcer at IDN Media", "action_flag": 1, "change_message": "[{\"added\": {}}]"}}, {"model": "admin.logentry", "pk": 229, "fields": {"action_time": "2021-02-16T13:12:45.160Z", "user": 2, "content_type": 13, "object_id": "2", "object_repr": "Arga Ghulam Ahmad | Founder & CTO", "action_flag": 2, "change_message": "[{\"changed\": {\"fields\": [\"Is show\"]}}]"}}, {"model": "admin.logentry", "pk": 230, "fields": {"action_time": "2021-02-16T13:22:28.443Z", "user": 2, "content_type": 13, "object_id": "2", "object_repr": "Arga Ghulam Ahmad | Founder & Hacker", "action_flag": 2, "change_message": "[{\"changed\": {\"fields\": [\"Position\"]}}]"}}, {"model": "admin.logentry", "pk": 231, "fields": {"action_time": "2021-02-16T13:22:55.622Z", "user": 2, "content_type": 13, "object_id": "2", "object_repr": "Arga Ghulam Ahmad | Hacker", "action_flag": 2, "change_message": "[{\"changed\": {\"fields\": [\"Position\"]}}]"}}, {"model": "admin.logentry", "pk": 232, "fields": {"action_time": "2021-02-16T13:24:34.659Z", "user": 2, "content_type": 13, "object_id": "2", "object_repr": "Arga Ghulam Ahmad | IT Consultant", "action_flag": 2, "change_message": "[{\"changed\": {\"fields\": [\"Position\"]}}]"}}, {"model": "admin.logentry", "pk": 233, "fields": {"action_time": "2021-02-16T13:24:46.927Z", "user": 2, "content_type": 13, "object_id": "2", "object_repr": "Arga Ghulam Ahmad | Hacker", "action_flag": 2, "change_message": "[{\"changed\": {\"fields\": [\"Position\"]}}]"}}, {"model": "admin.logentry", "pk": 234, "fields": {"action_time": "2021-02-16T13:25:09.598Z", "user": 2, "content_type": 13, "object_id": "2", "object_repr": "Arga Ghulam Ahmad | Hacker", "action_flag": 2, "change_message": "[{\"changed\": {\"fields\": [\"Is show\"]}}]"}}, {"model": "admin.logentry", "pk": 235, "fields": {"action_time": "2021-02-16T13:25:57.184Z", "user": 2, "content_type": 13, "object_id": "2", "object_repr": "Arga Ghulam Ahmad | Founder & CTO", "action_flag": 2, "change_message": "[{\"changed\": {\"fields\": [\"Position\", \"Is show\"]}}]"}}, {"model": "admin.logentry", "pk": 236, "fields": {"action_time": "2021-02-16T13:38:22.936Z", "user": 2, "content_type": 13, "object_id": "2", "object_repr": "Arga Ghulam Ahmad | IT Consultant", "action_flag": 2, "change_message": "[{\"changed\": {\"fields\": [\"Position\"]}}]"}}, {"model": "admin.logentry", "pk": 237, "fields": {"action_time": "2021-02-16T13:38:47.436Z", "user": 2, "content_type": 13, "object_id": "2", "object_repr": "Arga Ghulam Ahmad | IT Consultant", "action_flag": 2, "change_message": "[{\"changed\": {\"fields\": [\"Is show\"]}}]"}}, {"model": "admin.logentry", "pk": 238, "fields": {"action_time": "2021-02-21T12:36:17.089Z", "user": 2, "content_type": 4, "object_id": "1", "object_repr": "teguh", "action_flag": 2, "change_message": "[{\"changed\": {\"fields\": [\"Groups\"]}}]"}}, {"model": "admin.logentry", "pk": 239, "fields": {"action_time": "2021-02-21T12:37:40.626Z", "user": 2, "content_type": 4, "object_id": "3", "object_repr": "shofia", "action_flag": 3, "change_message": ""}}, {"model": "admin.logentry", "pk": 240, "fields": {"action_time": "2021-02-21T12:37:51.842Z", "user": 2, "content_type": 4, "object_id": "1", "object_repr": "teguh", "action_flag": 2, "change_message": "[{\"changed\": {\"fields\": [\"Superuser status\"]}}]"}}, {"model": "admin.logentry", "pk": 241, "fields": {"action_time": "2021-02-21T12:38:22.018Z", "user": 2, "content_type": 8, "object_id": "1", "object_repr": "Teguh Priyantono - Talent Sourcer at IDN Media", "action_flag": 2, "change_message": "[{\"changed\": {\"fields\": [\"User\"]}}]"}}, {"model": "auth.permission", "pk": 1, "fields": {"name": "Can add log entry", "content_type": 1, "codename": "add_logentry"}}, {"model": "auth.permission", "pk": 2, "fields": {"name": "Can change log entry", "content_type": 1, "codename": "change_logentry"}}, {"model": "auth.permission", "pk": 3, "fields": {"name": "Can delete log entry", "content_type": 1, "codename": "delete_logentry"}}, {"model": "auth.permission", "pk": 4, "fields": {"name": "Can view log entry", "content_type": 1, "codename": "view_logentry"}}, {"model": "auth.permission", "pk": 5, "fields": {"name": "Can add permission", "content_type": 2, "codename": "add_permission"}}, {"model": "auth.permission", "pk": 6, "fields": {"name": "Can change permission", "content_type": 2, "codename": "change_permission"}}, {"model": "auth.permission", "pk": 7, "fields": {"name": "Can delete permission", "content_type": 2, "codename": "delete_permission"}}, {"model": "auth.permission", "pk": 8, "fields": {"name": "Can view permission", "content_type": 2, "codename": "view_permission"}}, {"model": "auth.permission", "pk": 9, "fields": {"name": "Can add group", "content_type": 3, "codename": "add_group"}}, {"model": "auth.permission", "pk": 10, "fields": {"name": "Can change group", "content_type": 3, "codename": "change_group"}}, {"model": "auth.permission", "pk": 11, "fields": {"name": "Can delete group", "content_type": 3, "codename": "delete_group"}}, {"model": "auth.permission", "pk": 12, "fields": {"name": "Can view group", "content_type": 3, "codename": "view_group"}}, {"model": "auth.permission", "pk": 13, "fields": {"name": "Can add user", "content_type": 4, "codename": "add_user"}}, {"model": "auth.permission", "pk": 14, "fields": {"name": "Can change user", "content_type": 4, "codename": "change_user"}}, {"model": "auth.permission", "pk": 15, "fields": {"name": "Can delete user", "content_type": 4, "codename": "delete_user"}}, {"model": "auth.permission", "pk": 16, "fields": {"name": "Can view user", "content_type": 4, "codename": "view_user"}}, {"model": "auth.permission", "pk": 17, "fields": {"name": "Can add content type", "content_type": 5, "codename": "add_contenttype"}}, {"model": "auth.permission", "pk": 18, "fields": {"name": "Can change content type", "content_type": 5, "codename": "change_contenttype"}}, {"model": "auth.permission", "pk": 19, "fields": {"name": "Can delete content type", "content_type": 5, "codename": "delete_contenttype"}}, {"model": "auth.permission", "pk": 20, "fields": {"name": "Can view content type", "content_type": 5, "codename": "view_contenttype"}}, {"model": "auth.permission", "pk": 21, "fields": {"name": "Can add session", "content_type": 6, "codename": "add_session"}}, {"model": "auth.permission", "pk": 22, "fields": {"name": "Can change session", "content_type": 6, "codename": "change_session"}}, {"model": "auth.permission", "pk": 23, "fields": {"name": "Can delete session", "content_type": 6, "codename": "delete_session"}}, {"model": "auth.permission", "pk": 24, "fields": {"name": "Can view session", "content_type": 6, "codename": "view_session"}}, {"model": "auth.permission", "pk": 25, "fields": {"name": "Can add client", "content_type": 7, "codename": "add_client"}}, {"model": "auth.permission", "pk": 26, "fields": {"name": "Can change client", "content_type": 7, "codename": "change_client"}}, {"model": "auth.permission", "pk": 27, "fields": {"name": "Can delete client", "content_type": 7, "codename": "delete_client"}}, {"model": "auth.permission", "pk": 28, "fields": {"name": "Can view client", "content_type": 7, "codename": "view_client"}}, {"model": "auth.permission", "pk": 29, "fields": {"name": "Can add consultant", "content_type": 8, "codename": "add_consultant"}}, {"model": "auth.permission", "pk": 30, "fields": {"name": "Can change consultant", "content_type": 8, "codename": "change_consultant"}}, {"model": "auth.permission", "pk": 31, "fields": {"name": "Can delete consultant", "content_type": 8, "codename": "delete_consultant"}}, {"model": "auth.permission", "pk": 32, "fields": {"name": "Can view consultant", "content_type": 8, "codename": "view_consultant"}}, {"model": "auth.permission", "pk": 33, "fields": {"name": "Can add meet", "content_type": 9, "codename": "add_meet"}}, {"model": "auth.permission", "pk": 34, "fields": {"name": "Can change meet", "content_type": 9, "codename": "change_meet"}}, {"model": "auth.permission", "pk": 35, "fields": {"name": "Can delete meet", "content_type": 9, "codename": "delete_meet"}}, {"model": "auth.permission", "pk": 36, "fields": {"name": "Can view meet", "content_type": 9, "codename": "view_meet"}}, {"model": "auth.permission", "pk": 37, "fields": {"name": "Can add meet payroll", "content_type": 10, "codename": "add_meetpayroll"}}, {"model": "auth.permission", "pk": 38, "fields": {"name": "Can change meet payroll", "content_type": 10, "codename": "change_meetpayroll"}}, {"model": "auth.permission", "pk": 39, "fields": {"name": "Can delete meet payroll", "content_type": 10, "codename": "delete_meetpayroll"}}, {"model": "auth.permission", "pk": 40, "fields": {"name": "Can view meet payroll", "content_type": 10, "codename": "view_meetpayroll"}}, {"model": "auth.permission", "pk": 41, "fields": {"name": "Can add meet payment", "content_type": 11, "codename": "add_meetpayment"}}, {"model": "auth.permission", "pk": 42, "fields": {"name": "Can change meet payment", "content_type": 11, "codename": "change_meetpayment"}}, {"model": "auth.permission", "pk": 43, "fields": {"name": "Can delete meet payment", "content_type": 11, "codename": "delete_meetpayment"}}, {"model": "auth.permission", "pk": 44, "fields": {"name": "Can view meet payment", "content_type": 11, "codename": "view_meetpayment"}}, {"model": "auth.permission", "pk": 45, "fields": {"name": "Can add company", "content_type": 12, "codename": "add_company"}}, {"model": "auth.permission", "pk": 46, "fields": {"name": "Can change company", "content_type": 12, "codename": "change_company"}}, {"model": "auth.permission", "pk": 47, "fields": {"name": "Can delete company", "content_type": 12, "codename": "delete_company"}}, {"model": "auth.permission", "pk": 48, "fields": {"name": "Can view company", "content_type": 12, "codename": "view_company"}}, {"model": "auth.permission", "pk": 49, "fields": {"name": "Can add employee", "content_type": 13, "codename": "add_employee"}}, {"model": "auth.permission", "pk": 50, "fields": {"name": "Can change employee", "content_type": 13, "codename": "change_employee"}}, {"model": "auth.permission", "pk": 51, "fields": {"name": "Can delete employee", "content_type": 13, "codename": "delete_employee"}}, {"model": "auth.permission", "pk": 52, "fields": {"name": "Can view employee", "content_type": 13, "codename": "view_employee"}}, {"model": "auth.permission", "pk": 53, "fields": {"name": "Can add employee payroll", "content_type": 14, "codename": "add_employeepayroll"}}, {"model": "auth.permission", "pk": 54, "fields": {"name": "Can change employee payroll", "content_type": 14, "codename": "change_employeepayroll"}}, {"model": "auth.permission", "pk": 55, "fields": {"name": "Can delete employee payroll", "content_type": 14, "codename": "delete_employeepayroll"}}, {"model": "auth.permission", "pk": 56, "fields": {"name": "Can view employee payroll", "content_type": 14, "codename": "view_employeepayroll"}}, {"model": "auth.permission", "pk": 57, "fields": {"name": "Can add consultant schedule", "content_type": 15, "codename": "add_consultantschedule"}}, {"model": "auth.permission", "pk": 58, "fields": {"name": "Can change consultant schedule", "content_type": 15, "codename": "change_consultantschedule"}}, {"model": "auth.permission", "pk": 59, "fields": {"name": "Can delete consultant schedule", "content_type": 15, "codename": "delete_consultantschedule"}}, {"model": "auth.permission", "pk": 60, "fields": {"name": "Can view consultant schedule", "content_type": 15, "codename": "view_consultantschedule"}}, {"model": "auth.permission", "pk": 61, "fields": {"name": "Can add API key", "content_type": 16, "codename": "add_apikey"}}, {"model": "auth.permission", "pk": 62, "fields": {"name": "Can change API key", "content_type": 16, "codename": "change_apikey"}}, {"model": "auth.permission", "pk": 63, "fields": {"name": "Can delete API key", "content_type": 16, "codename": "delete_apikey"}}, {"model": "auth.permission", "pk": 64, "fields": {"name": "Can view API key", "content_type": 16, "codename": "view_apikey"}}, {"model": "auth.group", "pk": 1, "fields": {"name": "Chief", "permissions": [25, 26, 27, 28, 29, 30, 31, 32, 33, 34, 35, 36]}}, {"model": "auth.group", "pk": 2, "fields": {"name": "Sales", "permissions": [25, 26, 27, 28, 29, 30, 32, 33, 34, 35, 36]}}, {"model": "auth.group", "pk": 3, "fields": {"name": "Consultant", "permissions": [30, 32, 57, 58, 59, 60, 36]}}, {"model": "auth.group", "pk": 4, "fields": {"name": "Finance", "permissions": []}}, {"model": "auth.user", "pk": 1, "fields": {"password": "pbkdf2_sha256$216000$MElyw2HLjwxN$1rfCclQ/vIOOLiuEUKF7KLXBoK63xXE+neHCmbysWMU=", "last_login": "2021-02-21T12:38:26.385Z", "is_superuser": false, "username": "teguh", "first_name": "", "last_name": "", "email": "teguh@evaluatte.com", "is_staff": true, "is_active": true, "date_joined": "2021-01-16T08:52:01Z", "groups": [3], "user_permissions": []}}, {"model": "auth.user", "pk": 2, "fields": {"password": "pbkdf2_sha256$216000$GVGyYlVHpjrF$jy7tVtRKALw8aBW1JArYQvpek7/YSnoJ0+r2r04aFoM=", "last_login": "2021-02-21T12:38:11.916Z", "is_superuser": true, "username": "arga", "first_name": "", "last_name": "", "email": "arga@evaluatte.com", "is_staff": true, "is_active": true, "date_joined": "2021-01-16T08:53:41.825Z", "groups": [], "user_permissions": []}}, {"model": "auth.user", "pk": 4, "fields": {"password": "pbkdf2_sha256$216000$1NgP0sigq0hj$d5pL6R7nQVziFm8zZZhgnkYthCgfRHnAvIYD7pRO1LU=", "last_login": "2021-02-21T12:40:30.345Z", "is_superuser": true, "username": "ceo", "first_name": "", "last_name": "", "email": "", "is_staff": true, "is_active": true, "date_joined": "2021-02-21T12:39:11.229Z", "groups": [], "user_permissions": []}}, {"model": "contenttypes.contenttype", "pk": 1, "fields": {"app_label": "admin", "model": "logentry"}}, {"model": "contenttypes.contenttype", "pk": 2, "fields": {"app_label": "auth", "model": "permission"}}, {"model": "contenttypes.contenttype", "pk": 3, "fields": {"app_label": "auth", "model": "group"}}, {"model": "contenttypes.contenttype", "pk": 4, "fields": {"app_label": "auth", "model": "user"}}, {"model": "contenttypes.contenttype", "pk": 5, "fields": {"app_label": "contenttypes", "model": "contenttype"}}, {"model": "contenttypes.contenttype", "pk": 6, "fields": {"app_label": "sessions", "model": "session"}}, {"model": "contenttypes.contenttype", "pk": 7, "fields": {"app_label": "core", "model": "client"}}, {"model": "contenttypes.contenttype", "pk": 8, "fields": {"app_label": "core", "model": "consultant"}}, {"model": "contenttypes.contenttype", "pk": 9, "fields": {"app_label": "core", "model": "meet"}}, {"model": "contenttypes.contenttype", "pk": 10, "fields": {"app_label": "core", "model": "meetpayroll"}}, {"model": "contenttypes.contenttype", "pk": 11, "fields": {"app_label": "core", "model": "meetpayment"}}, {"model": "contenttypes.contenttype", "pk": 12, "fields": {"app_label": "core", "model": "company"}}, {"model": "contenttypes.contenttype", "pk": 13, "fields": {"app_label": "office", "model": "employee"}}, {"model": "contenttypes.contenttype", "pk": 14, "fields": {"app_label": "office", "model": "employeepayroll"}}, {"model": "contenttypes.contenttype", "pk": 15, "fields": {"app_label": "core", "model": "consultantschedule"}}, {"model": "contenttypes.contenttype", "pk": 16, "fields": {"app_label": "rest_framework_api_key", "model": "apikey"}}, {"model": "sessions.session", "pk": "3bxmf3nbjiumrnlp7mjtjob95zw0m54h", "fields": {"session_data": ".eJxVjEsOwiAUAO_C2pA-_rh03zMQeLxK1dCktCvj3S1JF7qdmcybhbhvJeyN1jBndmXALr8sRXxS7SI_Yr0vHJe6rXPiPeGnbXxcMr1uZ_s3KLGVvhXaKGGRnHNgpwlJgvQiuwGT9NYcXAovnFZeW5F8MgiKAJTNejgc-3wBslw2Rg:1l3Dkl:vHyA-RZx7IJ7Mfe1G96J_jKko2N_cYLCmQnrsdyPi6A", "expire_date": "2021-02-06T07:54:39.306Z"}}, {"model": "sessions.session", "pk": "b82dnudguisv2lbweob0ast21ii9kwxu", "fields": {"session_data": ".eJxVjEEOwiAQRe_C2hCgMGNduu8ZyDCAVA0kpV0Z765NutDtf-_9l_C0rcVvPS1-juIijDj9boH4keoO4p3qrUludV3mIHdFHrTLqcX0vB7u30GhXr41oMUBDCZ9HhBG5qCCsuCSdSZo5qw1pEzOGZXZjcoiIFKIGTCDHUi8P73ZN0s:1l6akj:qfkwG6QUBQd5sYBNFuchU_IaXgaugm3Fq5Dq0hhei94", "expire_date": "2021-02-15T15:04:33.664Z"}}, {"model": "sessions.session", "pk": "i8aac2729917fk8kwk7epf7aducfmj5h", "fields": {"session_data": ".eJxVjDsOwjAQBe_iGlnrf0RJzxmstXeNA8iW4qRC3B0ipYD2zcx7iYjbWuM2eIkzibNQ4vS7JcwPbjugO7Zbl7m3dZmT3BV50CGvnfh5Ody_g4qjfmuPhYg5A0IpBcgrQHJaszPKZUSwVqPR08TKBwpZgffahpSCoUwBxPsDCxI4Pg:1l6bA6:nIQrAi08Oj_7a5PxoOMCidssT3ACzaMGj4xIKwizK4g", "expire_date": "2021-02-15T15:30:46.915Z"}}, {"model": "sessions.session", "pk": "ixzxqnylr8677dx985iqt4hxcw2pdjt0", "fields": {"session_data": ".eJxVjDsOwjAQBe_iGlnrf0RJzxmstXeNA8iW4qRC3B0ipYD2zcx7iYjbWuM2eIkzibNQ4vS7JcwPbjugO7Zbl7m3dZmT3BV50CGvnfh5Ody_g4qjfmuPhYg5A0IpBcgrQHJaszPKZUSwVqPR08TKBwpZgffahpSCoUwBxPsDCxI4Pg:1lDLZT:hx3cykhZ9cs9gFeFm2cZRSsEGY4I5o3geZquA_9VIQg", "expire_date": "2021-03-06T06:16:51.680Z"}}, {"model": "sessions.session", "pk": "nacjgrhhf93gw1xnmkn7o2lno2k25kdc", "fields": {"session_data": ".eJxVjMsOwiAQRf-FtSHlMQFcuvcbyDAMUjWQlHZl_Hdt0oVu7znnvkTEba1xG7zEOYuz0OL0uyWkB7cd5Du2W5fU27rMSe6KPOiQ1575eTncv4OKo35rAPKaNCuFiB5twgA6IJoQjHfagSqFCtsJDAdInMhxyYXA4mQLOPH-APEPOJk:1l3JvV:TmKBePdH3zpuL4B0MiZeoO4OH40JADAASKlMatGKKlA", "expire_date": "2021-02-06T14:30:09.861Z"}}, {"model": "sessions.session", "pk": "qqwllojoqq9qiekb2b8n65vdccwke91a", "fields": {"session_data": ".eJxVjEEOwiAQRe_C2hCgMGNduu8ZyDCAVA0kpV0Z765NutDtf-_9l_C0rcVvPS1-juIijDj9boH4keoO4p3qrUludV3mIHdFHrTLqcX0vB7u30GhXr41oMUBDCZ9HhBG5qCCsuCSdSZo5qw1pEzOGZXZjcoiIFKIGTCDHUi8P73ZN0s:1lAjWR:y4nEYmT-Rtydmp-o7tOfYwCRwEoHXMU8EkltZOQm5S0", "expire_date": "2021-02-27T01:14:55.710Z"}}, {"model": "sessions.session", "pk": "qz3n5z5wbc68nkb5w0pvfeyx606luu04", "fields": {"session_data": ".eJxVjEsOwiAUAO_C2pA-_rh03zMQeLxK1dCktCvj3S1JF7qdmcybhbhvJeyN1jBndmXALr8sRXxS7SI_Yr0vHJe6rXPiPeGnbXxcMr1uZ_s3KLGVvhXaKGGRnHNgpwlJgvQiuwGT9NYcXAovnFZeW5F8MgiKAJTNejgc-3wBslw2Rg:1l5jXs:tD5g76z3V569GuItB7ZFvM21UVZgtqn8gU8TGxM1RBc", "expire_date": "2021-02-13T06:15:44.931Z"}}, {"model": "sessions.session", "pk": "th0rjtg99qlkhow5ccxs36sbrujxi51r", "fields": {"session_data": ".eJxVjEEOgjAQRe_StWlmplTApXvOQKYzraCmTSisjHdXEha6_e-9_zIjb-s0bjUu46zmYhpz-t0CyyPmHeid861YKXld5mB3xR602qFofF4P9-9g4jp9a-qlawRZER16cak9Q2iQVAIjqEKb1FPvwVPrMEYgoS4R9YAJIqt5fwDSzjd4:1lDo2I:nTly-ZJHGh1PxopXWEixlR3g3zErUG7WoL8AkLK2FhU", "expire_date": "2021-03-07T12:40:30.348Z"}}, {"model": "sessions.session", "pk": "yptsd203o9vs34k90c9a2frxhlp244gj", "fields": {"session_data": ".eJxVjEsOwiAUAO_C2pA-_rh03zMQeLxK1dCktCvj3S1JF7qdmcybhbhvJeyN1jBndmXALr8sRXxS7SI_Yr0vHJe6rXPiPeGnbXxcMr1uZ_s3KLGVvhXaKGGRnHNgpwlJgvQiuwGT9NYcXAovnFZeW5F8MgiKAJTNejgc-3wBslw2Rg:1l3EBA:jBBlZvS7h0GcY3az4_-Esbaut9tgGc3-Qx1pS3P4uww", "expire_date": "2021-02-06T08:21:56.791Z"}}, {"model": "sessions.session", "pk": "zicoo6nh5ragrkeej2sqdcdf9tylvwx5", "fields": {"session_data": ".eJxVjDsOwjAQBe_iGlnrf0RJzxmstXeNA8iW4qRC3B0ipYD2zcx7iYjbWuM2eIkzibNQ4vS7JcwPbjugO7Zbl7m3dZmT3BV50CGvnfh5Ody_g4qjfmuPhYg5A0IpBcgrQHJaszPKZUSwVqPR08TKBwpZgffahpSCoUwBxPsDCxI4Pg:1l6alH:66n_PWyemdDCK3tSZv42sC9ynXG3IhKfvJsT-wdc0J0", "expire_date": "2021-02-15T15:05:07.002Z"}}, {"model": "core.company", "pk": 1, "fields": {"created": "2021-01-23T13:46:44.590Z", "modified": "2021-02-15T05:59:57.281Z", "name": "Doku", "industry": "Fintech"}}, {"model": "core.company", "pk": 2, "fields": {"created": "2021-01-23T13:46:44.590Z", "modified": "2021-01-23T13:46:44.590Z", "name": "Shopee", "industry": "E-Commerce"}}, {"model": "core.company", "pk": 3, "fields": {"created": "2021-01-23T13:46:44.590Z", "modified": "2021-01-23T13:46:44.590Z", "name": "KG Media", "industry": "Digital Media"}}, {"model": "core.company", "pk": 4, "fields": {"created": "2021-01-23T13:46:44.590Z", "modified": "2021-01-23T13:46:44.590Z", "name": "Lion Super Indo", "industry": "Retail"}}, {"model": "core.company", "pk": 5, "fields": {"created": "2021-01-23T13:46:44.590Z", "modified": "2021-01-23T13:46:44.590Z", "name": "Tokopedia", "industry": "E-Commerce"}}, {"model": "core.company", "pk": 6, "fields": {"created": "2021-01-23T13:46:44.590Z", "modified": "2021-01-23T13:46:44.590Z", "name": "Manpower Group", "industry": "Consultant"}}, {"model": "core.company", "pk": 7, "fields": {"created": "2021-01-23T13:46:44.590Z", "modified": "2021-01-23T13:46:44.590Z", "name": "SCTV", "industry": "Media Entertainment"}}, {"model": "core.company", "pk": 8, "fields": {"created": "2021-01-23T13:46:44.590Z", "modified": "2021-01-23T13:46:44.590Z", "name": "Majoo Indonesia", "industry": "IT"}}, {"model": "core.company", "pk": 9, "fields": {"created": "2021-01-23T13:46:44.590Z", "modified": "2021-01-23T13:46:44.590Z", "name": "Ruangguru", "industry": "Education"}}, {"model": "core.company", "pk": 10, "fields": {"created": "2021-01-23T13:46:44.590Z", "modified": "2021-01-23T13:46:44.590Z", "name": "OVO", "industry": "Fintech"}}, {"model": "core.company", "pk": 11, "fields": {"created": "2021-01-23T13:46:44.590Z", "modified": "2021-01-23T13:46:44.590Z", "name": "Bank Mayapada", "industry": "Finance"}}, {"model": "core.company", "pk": 12, "fields": {"created": "2021-01-23T13:46:44.590Z", "modified": "2021-01-23T13:46:44.590Z", "name": "Lamudi", "industry": "Property Consultant"}}, {"model": "core.company", "pk": 13, "fields": {"created": "2021-01-23T13:46:44.590Z", "modified": "2021-01-23T13:46:44.590Z", "name": "Nestle Indonesia", "industry": "FMCG"}}, {"model": "core.company", "pk": 14, "fields": {"created": "2021-01-23T13:46:44.590Z", "modified": "2021-01-23T13:46:44.590Z", "name": "HM Sampoerna", "industry": "Tobacco"}}, {"model": "core.company", "pk": 15, "fields": {"created": "2021-01-23T13:46:44.590Z", "modified": "2021-01-23T13:46:44.590Z", "name": "Smartfren", "industry": "Telecommunication"}}, {"model": "core.company", "pk": 17, "fields": {"created": "2021-01-23T13:46:44.590Z", "modified": "2021-01-23T13:46:44.590Z", "name": "Bukalapak", "industry": "E-commerce"}}, {"model": "core.company", "pk": 18, "fields": {"created": "2021-01-23T13:46:44.590Z", "modified": "2021-01-23T13:46:44.590Z", "name": "Visonet Data Internasional", "industry": "IT"}}, {"model": "core.company", "pk": 19, "fields": {"created": "2021-01-23T13:46:44.590Z", "modified": "2021-01-23T13:46:44.590Z", "name": "Mekari", "industry": "Consultant"}}, {"model": "core.company", "pk": 20, "fields": {"created": "2021-01-23T13:46:44.590Z", "modified": "2021-01-23T13:46:44.590Z", "name": "Graha Karya Informasi", "industry": "IT"}}, {"model": "core.company", "pk": 21, "fields": {"created": "2021-01-23T13:46:44.590Z", "modified": "2021-01-23T13:46:44.590Z", "name": "Grab Indonesia", "industry": "Transportation"}}, {"model": "core.company", "pk": 22, "fields": {"created": "2021-01-23T13:46:44.590Z", "modified": "2021-01-23T13:46:44.590Z", "name": "Bank Amar", "industry": "Finance"}}, {"model": "core.company", "pk": 23, "fields": {"created": "2021-01-23T13:46:44.590Z", "modified": "2021-01-23T13:46:44.590Z", "name": "Lion Parcel", "industry": "Logistik"}}, {"model": "core.company", "pk": 24, "fields": {"created": "2021-01-23T13:46:44.590Z", "modified": "2021-01-23T13:46:44.590Z", "name": "Traveloka", "industry": "Travel"}}, {"model": "core.company", "pk": 25, "fields": {"created": "2021-01-23T13:46:44.590Z", "modified": "2021-01-23T13:46:44.590Z", "name": "Sicepat", "industry": "Logistik"}}, {"model": "core.company", "pk": 26, "fields": {"created": "2021-01-23T13:46:44.590Z", "modified": "2021-01-23T13:46:44.590Z", "name": "Trans 7", "industry": "Media Entertainment"}}, {"model": "core.company", "pk": 27, "fields": {"created": "2021-01-23T13:46:44.590Z", "modified": "2021-01-23T13:46:44.590Z", "name": "Cinema XXI", "industry": "Entertainment"}}, {"model": "core.company", "pk": 28, "fields": {"created": "2021-01-23T13:46:44.590Z", "modified": "2021-01-23T13:46:44.590Z", "name": "Payfazz", "industry": "Fintech"}}, {"model": "core.company", "pk": 29, "fields": {"created": "2021-01-23T13:46:44.590Z", "modified": "2021-01-23T13:46:44.590Z", "name": "Amerta Indah Otsuka", "industry": "FMCG"}}, {"model": "core.company", "pk": 30, "fields": {"created": "2021-01-23T13:46:44.590Z", "modified": "2021-01-23T13:46:44.590Z", "name": "Kino Indonesia", "industry": "FMCG"}}, {"model": "core.company", "pk": 31, "fields": {"created": "2021-01-23T13:46:44.590Z", "modified": "2021-01-23T13:46:44.590Z", "name": "VIVO Mobile", "industry": "Electronic"}}, {"model": "core.company", "pk": 32, "fields": {"created": "2021-01-23T13:46:44.590Z", "modified": "2021-01-23T13:46:44.590Z", "name": "MNC Pictures", "industry": "Media Entertainment"}}, {"model": "core.company", "pk": 33, "fields": {"created": "2021-01-23T13:46:44.590Z", "modified": "2021-01-23T13:46:44.590Z", "name": "Blibli.com", "industry": "E-Commerce"}}, {"model": "core.company", "pk": 34, "fields": {"created": "2021-01-23T13:46:44.590Z", "modified": "2021-01-23T13:46:44.590Z", "name": "OLX ", "industry": "E-Commerce"}}, {"model": "core.company", "pk": 35, "fields": {"created": "2021-01-23T13:46:44.590Z", "modified": "2021-01-23T13:46:44.590Z", "name": "IDN Media", "industry": "Digital Media"}}, {"model": "core.company", "pk": 36, "fields": {"created": "2021-01-24T04:19:22.248Z", "modified": "2021-01-24T04:19:22.248Z", "name": "Gojek", "industry": "Transportation"}}, {"model": "core.company", "pk": 38, "fields": {"created": "2021-02-01T16:25:57.781Z", "modified": "2021-02-01T16:26:45.232Z", "name": "Kitabisa", "industry": "Digital"}}, {"model": "core.company", "pk": 39, "fields": {"created": "2021-02-08T16:17:54.031Z", "modified": "2021-02-08T16:17:54.031Z", "name": "Kompas Gramedia", "industry": "Digital Media"}}, {"model": "core.consultant", "pk": 1, "fields": {"created": "2021-01-18T07:51:31.947Z", "modified": "2021-02-21T12:38:22.016Z", "user": 1, "profile_image": "New_Project_13.jpg", "full_name": "Teguh Priyantono", "role": "Talent Sourcer", "company": 35, "email": "teguh@evaluatte.com", "linkedin_profile": "https://www.linkedin.com/in/teguh-priyantono/", "phone_number": "085591202747", "is_active": true, "is_cv": true, "is_interview": false, "cv_price": "75000.00", "interview_price": null, "start_date": "2020-09-22", "experience": "Memposting lowongan pekerjaan dari IDN Media ke berbagai portal website (Kalibrr, LinkedIn, & TIA)\r\nMelakukan Screening dan Shortlisting CV Kandidat baik dengan ATS & Manual (Biasanya, Teguh melakukan Screening CV Kandidat sebanyak 300  500 CV dan Menshortlist < 10 CV setiap harinya\r\nMelakukan Approaching terhadap The Best Talent dari berbagai sumber seperti LinkedIn & Kalibrr\r\nMenjadwalkan Interview baik dengan HR maupun User\r\nMelakukan Interview tahap awal dengan kandidat\r\nMembuat dan Mengupdate result interview", "job_description": "", "role_expertise": "", "note": ""}}, {"model": "core.consultant", "pk": 2, "fields": {"created": "2021-01-18T07:51:31.947Z", "modified": "2021-02-06T12:13:43.798Z", "user": null, "profile_image": "New_Project_16.jpg", "full_name": "Shofia A Hajaraswati", "role": "Former People Acquisition", "company": 36, "email": "shofia.anugraha@gmail.com", "linkedin_profile": "https://www.linkedin.com/in/shofia21/", "phone_number": "081380186421", "is_active": true, "is_cv": true, "is_interview": true, "cv_price": "100000.00", "interview_price": "200000.00", "start_date": "2018-01-22", "experience": "Mendapatkan dan merekrut kandidat dengan menggunakan ATS (Kalibrr, Glassdoor, Jobstreet, Linkedin) dan offline (Refferal, Internal) \r\nMelakukan wawancara telepon dan wawancara tatap muka (dari Pejabat hingga Manajer Senior / Kepala Divisi). \r\nMembuat dan Memperbarui hasil wawancara, iklan pekerjaan, dan pelacak perekrutan dengan recruiterbox dan lembar google \r\nMembantu Tim People Acquistion dengan memproses sekitar 150-200 kandidat/bulannya \r\nMelakukan candidate background check\"", "job_description": null, "role_expertise": null, "note": ""}}, {"model": "core.consultant", "pk": 4, "fields": {"created": "2021-01-18T07:51:31.947Z", "modified": "2021-02-13T10:59:17.064Z", "user": null, "profile_image": "New_Project_15.jpg", "full_name": "Merina Anindita", "role": "Sr. Talent Acquisition", "company": 35, "email": "merinaanindita@gmail.com", "linkedin_profile": "https://www.linkedin.com/in/merina-anindita-2a106b62/", "phone_number": "081289219413", "is_active": true, "is_cv": true, "is_interview": true, "cv_price": "100000.00", "interview_price": "200000.00", "start_date": "2016-01-22", "experience": "Bertanggungjawab atas kebutuhan IDN Media Surabaya, Jakarta dan Kepanduan Regional\r\nMenentukan kriteria seleksi dengan user\r\nMelakukan sourcing potensial kandidat melalui saluran online (misalnya Email, kalibrr, Tech in Asia, Linkedin.)\r\nMerencanakan dan melakukan proses perekrutan dan seleksi (wawancara, phone screening, background check, dll.)\r\nMerancang poster pekerjaan dan handbook karyawan.\r\nMengembangkan strategi perekrutan dan orientasi\r\nEmployer branding\r\nMelakukan boarding untuk karyawan baru\"", "job_description": null, "role_expertise": null, "note": ""}}, {"model": "core.consultant", "pk": 31, "fields": {"created": "2021-02-05T18:26:15.244Z", "modified": "2021-02-13T10:39:17.564Z", "user": null, "profile_image": "New_Project_24.jpg", "full_name": "Devina Calista", "role": "Recruiter", "company": 11, "email": null, "linkedin_profile": null, "phone_number": null, "is_active": true, "is_cv": true, "is_interview": true, "cv_price": "100000.00", "interview_price": "200000.00", "start_date": "2017-02-06", "experience": "", "job_description": null, "role_expertise": null, "note": ""}}, {"model": "core.consultant", "pk": 32, "fields": {"created": "2021-02-05T18:32:50.986Z", "modified": "2021-02-12T05:48:30.293Z", "user": null, "profile_image": "New_Project_21.jpg", "full_name": "Alifa Kusuma", "role": "Recruiter", "company": 22, "email": null, "linkedin_profile": null, "phone_number": null, "is_active": true, "is_cv": true, "is_interview": true, "cv_price": "100000.00", "interview_price": "200000.00", "start_date": "2017-02-06", "experience": "", "job_description": null, "role_expertise": null, "note": ""}}, {"model": "core.consultant", "pk": 33, "fields": {"created": "2021-02-08T08:30:00.176Z", "modified": "2021-02-12T05:53:26.562Z", "user": null, "profile_image": "New_Project_22.jpg", "full_name": "Derry Pratama Reza", "role": "Sr. Talent Acquisition", "company": 9, "email": null, "linkedin_profile": null, "phone_number": null, "is_active": true, "is_cv": true, "is_interview": true, "cv_price": null, "interview_price": null, "start_date": "2014-02-08", "experience": "", "job_description": null, "role_expertise": null, "note": ""}}, {"model": "core.consultant", "pk": 34, "fields": {"created": "2021-02-08T16:18:29.851Z", "modified": "2021-02-12T05:55:10.299Z", "user": null, "profile_image": "New_Project_23.jpg", "full_name": "Dea Permata Sari", "role": "Recruiter", "company": 39, "email": null, "linkedin_profile": null, "phone_number": null, "is_active": true, "is_cv": true, "is_interview": null, "cv_price": null, "interview_price": null, "start_date": "2020-01-08", "experience": "", "job_description": null, "role_expertise": null, "note": ""}}, {"model": "core.consultant", "pk": 35, "fields": {"created": "2021-02-13T11:22:21.486Z", "modified": "2021-02-14T07:55:40.224Z", "user": null, "profile_image": "New_Project_26.jpg", "full_name": "Dimas Pandu", "role": "Talent Acquisition", "company": 9, "email": null, "linkedin_profile": null, "phone_number": null, "is_active": true, "is_cv": true, "is_interview": false, "cv_price": null, "interview_price": null, "start_date": "2020-02-13", "experience": "", "job_description": null, "role_expertise": null, "note": ""}}, {"model": "core.consultant", "pk": 36, "fields": {"created": "2021-02-15T06:00:56.246Z", "modified": "2021-02-15T06:00:56.246Z", "user": null, "profile_image": "New_Project_28.jpg", "full_name": "Sheftyani Rizky", "role": "Sr. Tech Recruiter", "company": 1, "email": null, "linkedin_profile": null, "phone_number": null, "is_active": true, "is_cv": true, "is_interview": true, "cv_price": null, "interview_price": null, "start_date": "2016-02-15", "experience": "", "job_description": null, "role_expertise": null, "note": ""}}, {"model": "core.consultant", "pk": 37, "fields": {"created": "2021-02-15T06:05:35.261Z", "modified": "2021-02-15T06:05:35.261Z", "user": null, "profile_image": "WhatsApp_Image_2021-02-01_at_5.38.57_PM_HQhjGnX.jpeg", "full_name": "Annisa Huljannah", "role": "Talent Sourcer", "company": 35, "email": null, "linkedin_profile": null, "phone_number": null, "is_active": true, "is_cv": true, "is_interview": null, "cv_price": null, "interview_price": null, "start_date": "2020-02-15", "experience": "", "job_description": null, "role_expertise": null, "note": ""}}, {"model": "core.consultantschedule", "pk": 1, "fields": {"created": "2021-01-23T08:47:31.839Z", "modified": "2021-01-23T08:48:36.358Z", "consultant": 1, "start_date": "2021-01-23", "end_date": "2021-01-30", "start_time": "18:00:00", "end_time": "21:00:00"}}, {"model": "core.client", "pk": 3, "fields": {"created": "2021-01-18T07:51:31.922Z", "modified": "2021-02-06T12:57:16.973Z", "full_name": "Pandu Aji Wijaya", "profile_image": "pandu.jpg", "title": "Fresh Graduate", "cv_url": null, "email": "pandu@gmail.com", "phone_number": "087777777777", "linkedin_profile": null, "instagram_profile": null}}, {"model": "core.meet", "pk": 1, "fields": {"created": "2021-01-18T07:51:31.988Z", "modified": "2021-02-06T23:34:08.025Z", "consultant": 1, "client": 3, "type": "CV", "start_datetime": null, "end_datetime": null, "is_paid": false, "paid_proof": "", "meet_url": "https://meet.google.com/ktg-cxhf-wwa", "is_complete": false, "testimony": "Setelah saya konsultasi dengan Teguh tentang CV, saya jadi paham akan kualifikasi CV saya dan saya jadi lebih bisa mempersiapkan CV saya kedepan agar bisa diterima perusahaan impian saya!", "testimony_proof": "Hangouts_Meet_nn3cYmc.jpeg", "show_testimony": true, "rating": 5, "show_rating": true, "price": "75000.00", "note": ""}}, {"model": "core.meetpayment", "pk": 1, "fields": {"created": "2021-01-24T03:40:24.416Z", "modified": "2021-01-24T03:40:24.416Z", "meet": 1, "due_datetime": "2021-01-13T11:00:00Z", "method": "BCA", "price": "12121212.00", "admin_cost": "121.00", "total": "12121333.00", "note": ""}}, {"model": "core.meetpayroll", "pk": 1, "fields": {"created": "2021-01-23T10:27:53.300Z", "modified": "2021-01-23T10:27:53.300Z", "consultant": 1, "meet": 1, "price": "75000.00", "for_consultant": "45000.00", "for_company": "30000.00", "consultant_paid_proof": "", "is_consultant_paid": false, "note": ""}}, {"model": "office.employee", "pk": 1, "fields": {"created": "2021-01-20T07:08:51.204Z", "modified": "2021-02-13T11:05:57.218Z", "user": null, "profile_image": "Foto_4.jpg", "full_name": "Teguh Priyantono", "position": "Founder & CEO", "salary": null, "type": "FOUNDER", "linkedin_profile": "https://www.linkedin.com/in/teguh-priyantono/", "instagram_profile": null, "is_show": true}}, {"model": "office.employee", "pk": 2, "fields": {"created": "2021-01-20T07:22:32.237Z", "modified": "2021-02-16T13:38:47.435Z", "user": null, "profile_image": "New_Project_27.jpg", "full_name": "Arga Ghulam Ahmad", "position": "IT Consultant", "salary": null, "type": "FOUNDER", "linkedin_profile": null, "instagram_profile": null, "is_show": true}}, {"model": "office.employee", "pk": 3, "fields": {"created": "2021-01-20T07:24:26.738Z", "modified": "2021-02-06T12:53:04.240Z", "user": null, "profile_image": "Foto_5.jpg", "full_name": "Nethania Dinari", "position": "CMO", "salary": null, "type": "CO-FOUNDER", "linkedin_profile": null, "instagram_profile": null, "is_show": true}}, {"model": "office.employee", "pk": 4, "fields": {"created": "2021-01-20T07:26:23.486Z", "modified": "2021-02-13T11:06:05.264Z", "user": null, "profile_image": "Foto_6.jpg", "full_name": "Hansel M Falah", "position": "CFO", "salary": null, "type": "CO-FOUNDER", "linkedin_profile": null, "instagram_profile": null, "is_show": true}}, {"model": "office.employee", "pk": 5, "fields": {"created": "2021-01-20T07:31:44.262Z", "modified": "2021-02-06T12:53:28.365Z", "user": null, "profile_image": "Foto_8.jpg", "full_name": "Kharissa Amelia", "position": "Graphic Designer", "salary": null, "type": "CO-FOUNDER", "linkedin_profile": null, "instagram_profile": null, "is_show": true}}, {"model": "office.employee", "pk": 6, "fields": {"created": "2021-01-20T07:47:51.570Z", "modified": "2021-02-06T12:51:55.462Z", "user": null, "profile_image": "", "full_name": "Hanifa Shafira", "position": "Graphic Designer", "salary": null, "type": "CO-FOUNDER", "linkedin_profile": null, "instagram_profile": null, "is_show": false}}, {"model": "office.employee", "pk": 7, "fields": {"created": "2021-01-20T07:48:57.291Z", "modified": "2021-02-06T12:53:52.396Z", "user": null, "profile_image": "New_Project_6.jpg", "full_name": "Khoirunnisa Mazaya", "position": "Social Media Strategist", "salary": null, "type": "CO-FOUNDER", "linkedin_profile": null, "instagram_profile": null, "is_show": true}}, {"model": "office.employee", "pk": 8, "fields": {"created": "2021-01-20T07:50:48.227Z", "modified": "2021-02-06T12:54:16.494Z", "user": null, "profile_image": "New_Project_7.jpg", "full_name": "Pandu Aji Wijaya", "position": "Social Media Strategist", "salary": null, "type": "CO-FOUNDER", "linkedin_profile": null, "instagram_profile": null, "is_show": true}}, {"model": "office.employee", "pk": 9, "fields": {"created": "2021-01-20T07:51:40.815Z", "modified": "2021-02-06T12:54:26.096Z", "user": null, "profile_image": "Foto_10.jpg", "full_name": "Tiar Adhi Bagaskara", "position": "Creative", "salary": null, "type": "CO-FOUNDER", "linkedin_profile": null, "instagram_profile": null, "is_show": true}}, {"model": "office.employee", "pk": 10, "fields": {"created": "2021-01-20T07:52:27.707Z", "modified": "2021-02-06T12:54:46.987Z", "user": null, "profile_image": "New_Project_8.jpg", "full_name": "Merry Ayu Gultom", "position": "Sales Executive", "salary": null, "type": "CO-FOUNDER", "linkedin_profile": null, "instagram_profile": null, "is_show": true}}, {"model": "office.employee", "pk": 11, "fields": {"created": "2021-01-30T06:17:37.567Z", "modified": "2021-02-06T12:54:59.381Z", "user": null, "profile_image": "Foto_11.jpg", "full_name": "Brandon", "position": "Sales Executive", "salary": null, "type": "CO-FOUNDER", "linkedin_profile": null, "instagram_profile": null, "is_show": true}}]